Timestamp,Location,Sensor_Type,Pollutant,Value
2025-09-24 00:00:00,Location_A,Air,PM2.5,58.85
2025-09-24 00:00:00,Location_A,Air,CO2,409.86
2025-09-24 00:00:00,Location_A,Water,pH,6.58
2025-09-24 00:00:00,Location_A,Water,Turbidity,13.07
2025-09-24 00:00:00,Location_B,Air,PM2.5,46.46
2025-09-24 00:00:00,Location_B,Air,CO2,399.1
2025-09-24 00:00:00,Location_B,Water,pH,6.15
2025-09-24 00:00:00,Location_B,Water,Turbidity,5.54
2025-09-24 00:00:00,Location_C,Air,PM2.5,54.92
2025-09-24 00:00:00,Location_C,Air,CO2,404.29
2025-09-24 00:00:00,Location_C,Water,pH,7.04
2025-09-24 00:00:00,Location_C,Water,Turbidity,6.06
2025-09-24 01:00:00,Location_A,Air,PM2.5,51.68
2025-09-24 01:00:00,Location_A,Air,CO2,331.02
2025-09-24 01:00:00,Location_A,Water,pH,7.44
2025-09-24 01:00:00,Location_A,Water,Turbidity,5.91
2025-09-24 01:00:00,Location_B,Air,PM2.5,60.97
2025-09-24 01:00:00,Location_B,Air,CO2,396.59
2025-09-24 01:00:00,Location_B,Water,pH,15.14
2025-09-24 01:00:00,Location_B,Water,Turbidity,3.46
2025-09-24 01:00:00,Location_C,Air,PM2.5,48.59
2025-09-24 01:00:00,Location_C,Air,CO2,335.32
2025-09-24 01:00:00,Location_C,Water,pH,8.09
2025-09-24 01:00:00,Location_C,Water,Turbidity,3.95
2025-09-24 02:00:00,Location_A,Air,PM2.5,55.13
2025-09-24 02:00:00,Location_A,Air,CO2,443.44
2025-09-24 02:00:00,Location_A,Water,pH,6.82
2025-09-24 02:00:00,Location_A,Water,Turbidity,7.23
2025-09-24 02:00:00,Location_B,Air,PM2.5,50.99
2025-09-24 02:00:00,Location_B,Air,CO2,386.78
2025-09-24 02:00:00,Location_B,Water,pH,7.2
2025-09-24 02:00:00,Location_B,Water,Turbidity,5.6
2025-09-24 02:00:00,Location_C,Air,PM2.5,39.04
2025-09-24 02:00:00,Location_C,Air,CO2,388.44
2025-09-24 02:00:00,Location_C,Water,pH,6.71
2025-09-24 02:00:00,Location_C,Water,Turbidity,5.44
2025-09-24 03:00:00,Location_A,Air,PM2.5,
2025-09-24 03:00:00,Location_A,Air,CO2,336.77
2025-09-24 03:00:00,Location_A,Water,pH,7.18
2025-09-24 03:00:00,Location_A,Water,Turbidity,4.39
2025-09-24 03:00:00,Location_B,Air,PM2.5,36.57
2025-09-24 03:00:00,Location_B,Air,CO2,369.77
2025-09-24 03:00:00,Location_B,Water,pH,7.2
2025-09-24 03:00:00,Location_B,Water,Turbidity,4.38
2025-09-24 03:00:00,Location_C,Air,PM2.5,48.67
2025-09-24 03:00:00,Location_C,Air,CO2,384.66
2025-09-24 03:00:00,Location_C,Water,pH,7.09
2025-09-24 03:00:00,Location_C,Water,Turbidity,5.74
2025-09-24 04:00:00,Location_A,Air,PM2.5,45.71
2025-09-24 04:00:00,Location_A,Air,CO2,428.7
2025-09-24 04:00:00,Location_A,Water,pH,7.34
2025-09-24 04:00:00,Location_A,Water,Turbidity,
2025-09-24 04:00:00,Location_B,Air,PM2.5,54.97
2025-09-24 04:00:00,Location_B,Air,CO2,437.47
2025-09-24 04:00:00,Location_B,Water,pH,7.21
2025-09-24 04:00:00,Location_B,Water,Turbidity,5.12
2025-09-24 04:00:00,Location_C,Air,PM2.5,42.55
2025-09-24 04:00:00,Location_C,Air,CO2,473.04
2025-09-24 04:00:00,Location_C,Water,pH,7.2
2025-09-24 04:00:00,Location_C,Water,Turbidity,5.53
2025-09-24 05:00:00,Location_A,Air,PM2.5,50.28
2025-09-24 05:00:00,Location_A,Air,CO2,892.17
2025-09-24 05:00:00,Location_A,Water,pH,7.24
2025-09-24 05:00:00,Location_A,Water,Turbidity,5.25
2025-09-24 05:00:00,Location_B,Air,PM2.5,39.09
2025-09-24 05:00:00,Location_B,Air,CO2,359.95
2025-09-24 05:00:00,Location_B,Water,pH,6.32
2025-09-24 05:00:00,Location_B,Water,Turbidity,3.77
2025-09-24 05:00:00,Location_C,Air,PM2.5,83.45
2025-09-24 05:00:00,Location_C,Air,CO2,312.35
2025-09-24 05:00:00,Location_C,Water,pH,7.77
2025-09-24 05:00:00,Location_C,Water,Turbidity,4.54
2025-09-24 06:00:00,Location_A,Air,PM2.5,52.21
2025-09-24 06:00:00,Location_A,Air,CO2,319.23
2025-09-24 06:00:00,Location_A,Water,pH,7.48
2025-09-24 06:00:00,Location_A,Water,Turbidity,5.77
2025-09-24 06:00:00,Location_B,Air,PM2.5,61.19
2025-09-24 06:00:00,Location_B,Air,CO2,372.71
2025-09-24 06:00:00,Location_B,Water,pH,7.78
2025-09-24 06:00:00,Location_B,Water,Turbidity,7.7
2025-09-24 06:00:00,Location_C,Air,PM2.5,42.02
2025-09-24 06:00:00,Location_C,Air,CO2,382.55
2025-09-24 06:00:00,Location_C,Water,pH,7.49
2025-09-24 06:00:00,Location_C,Water,Turbidity,
2025-09-24 07:00:00,Location_A,Air,PM2.5,61.43
2025-09-24 07:00:00,Location_A,Air,CO2,409.67
2025-09-24 07:00:00,Location_A,Water,pH,7.71
2025-09-24 07:00:00,Location_A,Water,Turbidity,4.83
2025-09-24 07:00:00,Location_B,Air,PM2.5,65.81
2025-09-24 07:00:00,Location_B,Air,CO2,349.59
2025-09-24 07:00:00,Location_B,Water,pH,7.42
2025-09-24 07:00:00,Location_B,Water,Turbidity,5.17
2025-09-24 07:00:00,Location_C,Air,PM2.5,54.99
2025-09-24 07:00:00,Location_C,Air,CO2,440.09
2025-09-24 07:00:00,Location_C,Water,pH,7.26
2025-09-24 07:00:00,Location_C,Water,Turbidity,5.03
2025-09-24 08:00:00,Location_A,Air,PM2.5,46.39
2025-09-24 08:00:00,Location_A,Air,CO2,429.91
2025-09-24 08:00:00,Location_A,Water,pH,8.28
2025-09-24 08:00:00,Location_A,Water,Turbidity,5.76
2025-09-24 08:00:00,Location_B,Air,PM2.5,54.32
2025-09-24 08:00:00,Location_B,Air,CO2,355.91
2025-09-24 08:00:00,Location_B,Water,pH,7.33
2025-09-24 08:00:00,Location_B,Water,Turbidity,6.42
2025-09-24 08:00:00,Location_C,Air,PM2.5,40.34
2025-09-24 08:00:00,Location_C,Air,CO2,474.5
2025-09-24 08:00:00,Location_C,Water,pH,6.99
2025-09-24 08:00:00,Location_C,Water,Turbidity,5.91
2025-09-24 09:00:00,Location_A,Air,PM2.5,71.17
2025-09-24 09:00:00,Location_A,Air,CO2,444.08
2025-09-24 09:00:00,Location_A,Water,pH,6.81
2025-09-24 09:00:00,Location_A,Water,Turbidity,4.18
2025-09-24 09:00:00,Location_B,Air,PM2.5,42.61
2025-09-24 09:00:00,Location_B,Air,CO2,354.14
2025-09-24 09:00:00,Location_B,Water,pH,6.95
2025-09-24 09:00:00,Location_B,Water,Turbidity,5.14
2025-09-24 09:00:00,Location_C,Air,PM2.5,55.68
2025-09-24 09:00:00,Location_C,Air,CO2,379.06
2025-09-24 09:00:00,Location_C,Water,pH,6.88
2025-09-24 09:00:00,Location_C,Water,Turbidity,
2025-09-24 10:00:00,Location_A,Air,PM2.5,44.05
2025-09-24 10:00:00,Location_A,Air,CO2,484.05
2025-09-24 10:00:00,Location_A,Water,pH,7.29
2025-09-24 10:00:00,Location_A,Water,Turbidity,3.9
2025-09-24 10:00:00,Location_B,Air,PM2.5,60.4
2025-09-24 10:00:00,Location_B,Air,CO2,300.51
2025-09-24 10:00:00,Location_B,Water,pH,7.1
2025-09-24 10:00:00,Location_B,Water,Turbidity,4.9
2025-09-24 10:00:00,Location_C,Air,PM2.5,45.39
2025-09-24 10:00:00,Location_C,Air,CO2,437.19
2025-09-24 10:00:00,Location_C,Water,pH,7.48
2025-09-24 10:00:00,Location_C,Water,Turbidity,6.27
2025-09-24 11:00:00,Location_A,Air,PM2.5,60.84
2025-09-24 11:00:00,Location_A,Air,CO2,404.58
2025-09-24 11:00:00,Location_A,Water,pH,5.39
2025-09-24 11:00:00,Location_A,Water,Turbidity,4.63
2025-09-24 11:00:00,Location_B,Air,PM2.5,56.77
2025-09-24 11:00:00,Location_B,Air,CO2,
2025-09-24 11:00:00,Location_B,Water,pH,6.91
2025-09-24 11:00:00,Location_B,Water,Turbidity,3.98
2025-09-24 11:00:00,Location_C,Air,PM2.5,38.78
2025-09-24 11:00:00,Location_C,Air,CO2,375.47
2025-09-24 11:00:00,Location_C,Water,pH,7.01
2025-09-24 11:00:00,Location_C,Water,Turbidity,5.08
2025-09-24 12:00:00,Location_A,Air,PM2.5,52.24
2025-09-24 12:00:00,Location_A,Air,CO2,389.41
2025-09-24 12:00:00,Location_A,Water,pH,7.04
2025-09-24 12:00:00,Location_A,Water,Turbidity,8.23
2025-09-24 12:00:00,Location_B,Air,PM2.5,47
2025-09-24 12:00:00,Location_B,Air,CO2,496.72
2025-09-24 12:00:00,Location_B,Water,pH,7.04
2025-09-24 12:00:00,Location_B,Water,Turbidity,3.97
2025-09-24 12:00:00,Location_C,Air,PM2.5,39.91
2025-09-24 12:00:00,Location_C,Air,CO2,440.59
2025-09-24 12:00:00,Location_C,Water,pH,6.38
2025-09-24 12:00:00,Location_C,Water,Turbidity,4.89
2025-09-24 13:00:00,Location_A,Air,PM2.5,50.84
2025-09-24 13:00:00,Location_A,Air,CO2,883.51
2025-09-24 13:00:00,Location_A,Water,pH,7.64
2025-09-24 13:00:00,Location_A,Water,Turbidity,5.62
2025-09-24 13:00:00,Location_B,Air,PM2.5,41.19
2025-09-24 13:00:00,Location_B,Air,CO2,363.94
2025-09-24 13:00:00,Location_B,Water,pH,7.24
2025-09-24 13:00:00,Location_B,Water,Turbidity,4.56
2025-09-24 13:00:00,Location_C,Air,PM2.5,34.98
2025-09-24 13:00:00,Location_C,Air,CO2,378.81
2025-09-24 13:00:00,Location_C,Water,pH,6.95
2025-09-24 13:00:00,Location_C,Water,Turbidity,4.13
2025-09-24 14:00:00,Location_A,Air,PM2.5,54.31
2025-09-24 14:00:00,Location_A,Air,CO2,903.28
2025-09-24 14:00:00,Location_A,Water,pH,7.42
2025-09-24 14:00:00,Location_A,Water,Turbidity,3.88
2025-09-24 14:00:00,Location_B,Air,PM2.5,52.86
2025-09-24 14:00:00,Location_B,Air,CO2,484.17
2025-09-24 14:00:00,Location_B,Water,pH,6.51
2025-09-24 14:00:00,Location_B,Water,Turbidity,3.67
2025-09-24 14:00:00,Location_C,Air,PM2.5,46.52
2025-09-24 14:00:00,Location_C,Air,CO2,423.62
2025-09-24 14:00:00,Location_C,Water,pH,7.56
2025-09-24 14:00:00,Location_C,Water,Turbidity,5.26
2025-09-24 15:00:00,Location_A,Air,PM2.5,48.53
2025-09-24 15:00:00,Location_A,Air,CO2,420.5
2025-09-24 15:00:00,Location_A,Water,pH,6.36
2025-09-24 15:00:00,Location_A,Water,Turbidity,5.68
2025-09-24 15:00:00,Location_B,Air,PM2.5,50.43
2025-09-24 15:00:00,Location_B,Air,CO2,895.39
2025-09-24 15:00:00,Location_B,Water,pH,6.52
2025-09-24 15:00:00,Location_B,Water,Turbidity,4.69
2025-09-24 15:00:00,Location_C,Air,PM2.5,61.23
2025-09-24 15:00:00,Location_C,Air,CO2,421.38
2025-09-24 15:00:00,Location_C,Water,pH,7.01
2025-09-24 15:00:00,Location_C,Water,Turbidity,4.58
2025-09-24 16:00:00,Location_A,Air,PM2.5,117.35
2025-09-24 16:00:00,Location_A,Air,CO2,402.98
2025-09-24 16:00:00,Location_A,Water,pH,6.76
2025-09-24 16:00:00,Location_A,Water,Turbidity,3.98
2025-09-24 16:00:00,Location_B,Air,PM2.5,38.8
2025-09-24 16:00:00,Location_B,Air,CO2,321.07
2025-09-24 16:00:00,Location_B,Water,pH,6.94
2025-09-24 16:00:00,Location_B,Water,Turbidity,4.74
2025-09-24 16:00:00,Location_C,Air,PM2.5,46.53
2025-09-24 16:00:00,Location_C,Air,CO2,434.7
2025-09-24 16:00:00,Location_C,Water,pH,7.74
2025-09-24 16:00:00,Location_C,Water,Turbidity,4.98
2025-09-24 17:00:00,Location_A,Air,PM2.5,43.35
2025-09-24 17:00:00,Location_A,Air,CO2,387.23
2025-09-24 17:00:00,Location_A,Water,pH,7.62
2025-09-24 17:00:00,Location_A,Water,Turbidity,5.21
2025-09-24 17:00:00,Location_B,Air,PM2.5,44.8
2025-09-24 17:00:00,Location_B,Air,CO2,384.44
2025-09-24 17:00:00,Location_B,Water,pH,6.95
2025-09-24 17:00:00,Location_B,Water,Turbidity,5.37
2025-09-24 17:00:00,Location_C,Air,PM2.5,63.04
2025-09-24 17:00:00,Location_C,Air,CO2,372.88
2025-09-24 17:00:00,Location_C,Water,pH,6.87
2025-09-24 17:00:00,Location_C,Water,Turbidity,5.97
2025-09-24 18:00:00,Location_A,Air,PM2.5,53.5
2025-09-24 18:00:00,Location_A,Air,CO2,446.91
2025-09-24 18:00:00,Location_A,Water,pH,7.17
2025-09-24 18:00:00,Location_A,Water,Turbidity,5.53
2025-09-24 18:00:00,Location_B,Air,PM2.5,51.36
2025-09-24 18:00:00,Location_B,Air,CO2,415.85
2025-09-24 18:00:00,Location_B,Water,pH,
2025-09-24 18:00:00,Location_B,Water,Turbidity,3.58
2025-09-24 18:00:00,Location_C,Air,PM2.5,51.17
2025-09-24 18:00:00,Location_C,Air,CO2,503.88
2025-09-24 18:00:00,Location_C,Water,pH,7.31
2025-09-24 18:00:00,Location_C,Water,Turbidity,5.8
2025-09-24 19:00:00,Location_A,Air,PM2.5,47.7
2025-09-24 19:00:00,Location_A,Air,CO2,517.29
2025-09-24 19:00:00,Location_A,Water,pH,6.71
2025-09-24 19:00:00,Location_A,Water,Turbidity,5.02
2025-09-24 19:00:00,Location_B,Air,PM2.5,43.9
2025-09-24 19:00:00,Location_B,Air,CO2,372.82
2025-09-24 19:00:00,Location_B,Water,pH,6.46
2025-09-24 19:00:00,Location_B,Water,Turbidity,3.82
2025-09-24 19:00:00,Location_C,Air,PM2.5,65.95
2025-09-24 19:00:00,Location_C,Air,CO2,395.98
2025-09-24 19:00:00,Location_C,Water,pH,6.94
2025-09-24 19:00:00,Location_C,Water,Turbidity,5.15
2025-09-24 20:00:00,Location_A,Air,PM2.5,59.26
2025-09-24 20:00:00,Location_A,Air,CO2,423.93
2025-09-24 20:00:00,Location_A,Water,pH,7.54
2025-09-24 20:00:00,Location_A,Water,Turbidity,4.02
2025-09-24 20:00:00,Location_B,Air,PM2.5,55.66
2025-09-24 20:00:00,Location_B,Air,CO2,348.26
2025-09-24 20:00:00,Location_B,Water,pH,6.58
2025-09-24 20:00:00,Location_B,Water,Turbidity,5.4
2025-09-24 20:00:00,Location_C,Air,PM2.5,47.87
2025-09-24 20:00:00,Location_C,Air,CO2,396.16
2025-09-24 20:00:00,Location_C,Water,pH,7.26
2025-09-24 20:00:00,Location_C,Water,Turbidity,3.85
2025-09-24 21:00:00,Location_A,Air,PM2.5,71.41
2025-09-24 21:00:00,Location_A,Air,CO2,336.16
2025-09-24 21:00:00,Location_A,Water,pH,7.08
2025-09-24 21:00:00,Location_A,Water,Turbidity,4.94
2025-09-24 21:00:00,Location_B,Air,PM2.5,
2025-09-24 21:00:00,Location_B,Air,CO2,355.71
2025-09-24 21:00:00,Location_B,Water,pH,6.67
2025-09-24 21:00:00,Location_B,Water,Turbidity,4.42
2025-09-24 21:00:00,Location_C,Air,PM2.5,65.95
2025-09-24 21:00:00,Location_C,Air,CO2,365.33
2025-09-24 21:00:00,Location_C,Water,pH,7.11
2025-09-24 21:00:00,Location_C,Water,Turbidity,7.45
2025-09-24 22:00:00,Location_A,Air,PM2.5,52.95
2025-09-24 22:00:00,Location_A,Air,CO2,416.02
2025-09-24 22:00:00,Location_A,Water,pH,7.13
2025-09-24 22:00:00,Location_A,Water,Turbidity,5.88
2025-09-24 22:00:00,Location_B,Air,PM2.5,50.33
2025-09-24 22:00:00,Location_B,Air,CO2,516.15
2025-09-24 22:00:00,Location_B,Water,pH,7.16
2025-09-24 22:00:00,Location_B,Water,Turbidity,5.27
2025-09-24 22:00:00,Location_C,Air,PM2.5,54.09
2025-09-24 22:00:00,Location_C,Air,CO2,382.76
2025-09-24 22:00:00,Location_C,Water,pH,7.29
2025-09-24 22:00:00,Location_C,Water,Turbidity,5.6
2025-09-24 23:00:00,Location_A,Air,PM2.5,59.5
2025-09-24 23:00:00,Location_A,Air,CO2,324.93
2025-09-24 23:00:00,Location_A,Water,pH,7.66
2025-09-24 23:00:00,Location_A,Water,Turbidity,5.47
2025-09-24 23:00:00,Location_B,Air,PM2.5,52.94
2025-09-24 23:00:00,Location_B,Air,CO2,338.9
2025-09-24 23:00:00,Location_B,Water,pH,7.25
2025-09-24 23:00:00,Location_B,Water,Turbidity,
2025-09-24 23:00:00,Location_C,Air,PM2.5,53.65
2025-09-24 23:00:00,Location_C,Air,CO2,540.45
2025-09-24 23:00:00,Location_C,Water,pH,6.52
2025-09-24 23:00:00,Location_C,Water,Turbidity,6.15
2025-09-25 00:00:00,Location_A,Air,PM2.5,42.84
2025-09-25 00:00:00,Location_A,Air,CO2,374.67
2025-09-25 00:00:00,Location_A,Water,pH,
2025-09-25 00:00:00,Location_A,Water,Turbidity,15
2025-09-25 00:00:00,Location_B,Air,PM2.5,42.6
2025-09-25 00:00:00,Location_B,Air,CO2,416.61
2025-09-25 00:00:00,Location_B,Water,pH,7.36
2025-09-25 00:00:00,Location_B,Water,Turbidity,6.9
2025-09-25 00:00:00,Location_C,Air,PM2.5,56.6
2025-09-25 00:00:00,Location_C,Air,CO2,416.54
2025-09-25 00:00:00,Location_C,Water,pH,
2025-09-25 00:00:00,Location_C,Water,Turbidity,4.37
2025-09-25 01:00:00,Location_A,Air,PM2.5,136.7
2025-09-25 01:00:00,Location_A,Air,CO2,401.03
2025-09-25 01:00:00,Location_A,Water,pH,6.49
2025-09-25 01:00:00,Location_A,Water,Turbidity,4.6
2025-09-25 01:00:00,Location_B,Air,PM2.5,56.48
2025-09-25 01:00:00,Location_B,Air,CO2,401.13
2025-09-25 01:00:00,Location_B,Water,pH,6.97
2025-09-25 01:00:00,Location_B,Water,Turbidity,3.81
2025-09-25 01:00:00,Location_C,Air,PM2.5,50.2
2025-09-25 01:00:00,Location_C,Air,CO2,410.34
2025-09-25 01:00:00,Location_C,Water,pH,7.06
2025-09-25 01:00:00,Location_C,Water,Turbidity,4.58
2025-09-25 02:00:00,Location_A,Air,PM2.5,35.07
2025-09-25 02:00:00,Location_A,Air,CO2,433.12
2025-09-25 02:00:00,Location_A,Water,pH,6.65
2025-09-25 02:00:00,Location_A,Water,Turbidity,3.84
2025-09-25 02:00:00,Location_B,Air,PM2.5,56.29
2025-09-25 02:00:00,Location_B,Air,CO2,311.49
2025-09-25 02:00:00,Location_B,Water,pH,7.05
2025-09-25 02:00:00,Location_B,Water,Turbidity,5.34
2025-09-25 02:00:00,Location_C,Air,PM2.5,39.98
2025-09-25 02:00:00,Location_C,Air,CO2,245.15
2025-09-25 02:00:00,Location_C,Water,pH,7.12
2025-09-25 02:00:00,Location_C,Water,Turbidity,6.09
2025-09-25 03:00:00,Location_A,Air,PM2.5,44.18
2025-09-25 03:00:00,Location_A,Air,CO2,1133.29
2025-09-25 03:00:00,Location_A,Water,pH,6.45
2025-09-25 03:00:00,Location_A,Water,Turbidity,5.93
2025-09-25 03:00:00,Location_B,Air,PM2.5,38.09
2025-09-25 03:00:00,Location_B,Air,CO2,397.73
2025-09-25 03:00:00,Location_B,Water,pH,7.48
2025-09-25 03:00:00,Location_B,Water,Turbidity,5.75
2025-09-25 03:00:00,Location_C,Air,PM2.5,53.95
2025-09-25 03:00:00,Location_C,Air,CO2,374.72
2025-09-25 03:00:00,Location_C,Water,pH,6.98
2025-09-25 03:00:00,Location_C,Water,Turbidity,4.4
2025-09-25 04:00:00,Location_A,Air,PM2.5,48.12
2025-09-25 04:00:00,Location_A,Air,CO2,497.14
2025-09-25 04:00:00,Location_A,Water,pH,6.84
2025-09-25 04:00:00,Location_A,Water,Turbidity,5.95
2025-09-25 04:00:00,Location_B,Air,PM2.5,50.07
2025-09-25 04:00:00,Location_B,Air,CO2,450.83
2025-09-25 04:00:00,Location_B,Water,pH,7.34
2025-09-25 04:00:00,Location_B,Water,Turbidity,4.75
2025-09-25 04:00:00,Location_C,Air,PM2.5,53.17
2025-09-25 04:00:00,Location_C,Air,CO2,797.05
2025-09-25 04:00:00,Location_C,Water,pH,6.89
2025-09-25 04:00:00,Location_C,Water,Turbidity,5.73
2025-09-25 05:00:00,Location_A,Air,PM2.5,52.45
2025-09-25 05:00:00,Location_A,Air,CO2,368.45
2025-09-25 05:00:00,Location_A,Water,pH,17.21
2025-09-25 05:00:00,Location_A,Water,Turbidity,5.85
2025-09-25 05:00:00,Location_B,Air,PM2.5,57.71
2025-09-25 05:00:00,Location_B,Air,CO2,
2025-09-25 05:00:00,Location_B,Water,pH,7.2
2025-09-25 05:00:00,Location_B,Water,Turbidity,3.78
2025-09-25 05:00:00,Location_C,Air,PM2.5,45.25
2025-09-25 05:00:00,Location_C,Air,CO2,339.9
2025-09-25 05:00:00,Location_C,Water,pH,7.33
2025-09-25 05:00:00,Location_C,Water,Turbidity,6.13
2025-09-25 06:00:00,Location_A,Air,PM2.5,46.72
2025-09-25 06:00:00,Location_A,Air,CO2,
2025-09-25 06:00:00,Location_A,Water,pH,7.11
2025-09-25 06:00:00,Location_A,Water,Turbidity,4.16
2025-09-25 06:00:00,Location_B,Air,PM2.5,52.16
2025-09-25 06:00:00,Location_B,Air,CO2,393.76
2025-09-25 06:00:00,Location_B,Water,pH,6.6
2025-09-25 06:00:00,Location_B,Water,Turbidity,6.33
2025-09-25 06:00:00,Location_C,Air,PM2.5,62.92
2025-09-25 06:00:00,Location_C,Air,CO2,412.18
2025-09-25 06:00:00,Location_C,Water,pH,7.23
2025-09-25 06:00:00,Location_C,Water,Turbidity,5.87
2025-09-25 07:00:00,Location_A,Air,PM2.5,38.66
2025-09-25 07:00:00,Location_A,Air,CO2,401.33
2025-09-25 07:00:00,Location_A,Water,pH,6.56
2025-09-25 07:00:00,Location_A,Water,Turbidity,4.55
2025-09-25 07:00:00,Location_B,Air,PM2.5,49.83
2025-09-25 07:00:00,Location_B,Air,CO2,312.81
2025-09-25 07:00:00,Location_B,Water,pH,6.8
2025-09-25 07:00:00,Location_B,Water,Turbidity,6.13
2025-09-25 07:00:00,Location_C,Air,PM2.5,61.92
2025-09-25 07:00:00,Location_C,Air,CO2,425.43
2025-09-25 07:00:00,Location_C,Water,pH,13.58
2025-09-25 07:00:00,Location_C,Water,Turbidity,4.64
2025-09-25 08:00:00,Location_A,Air,PM2.5,42.75
2025-09-25 08:00:00,Location_A,Air,CO2,325.09
2025-09-25 08:00:00,Location_A,Water,pH,7.02
2025-09-25 08:00:00,Location_A,Water,Turbidity,6.27
2025-09-25 08:00:00,Location_B,Air,PM2.5,39.79
2025-09-25 08:00:00,Location_B,Air,CO2,440.83
2025-09-25 08:00:00,Location_B,Water,pH,6.89
2025-09-25 08:00:00,Location_B,Water,Turbidity,4.34
2025-09-25 08:00:00,Location_C,Air,PM2.5,155.06
2025-09-25 08:00:00,Location_C,Air,CO2,398.44
2025-09-25 08:00:00,Location_C,Water,pH,6.48
2025-09-25 08:00:00,Location_C,Water,Turbidity,
2025-09-25 09:00:00,Location_A,Air,PM2.5,41.52
2025-09-25 09:00:00,Location_A,Air,CO2,323.52
2025-09-25 09:00:00,Location_A,Water,pH,6.07
2025-09-25 09:00:00,Location_A,Water,Turbidity,
2025-09-25 09:00:00,Location_B,Air,PM2.5,59.29
2025-09-25 09:00:00,Location_B,Air,CO2,1238.25
2025-09-25 09:00:00,Location_B,Water,pH,6.06
2025-09-25 09:00:00,Location_B,Water,Turbidity,7.27
2025-09-25 09:00:00,Location_C,Air,PM2.5,27.89
2025-09-25 09:00:00,Location_C,Air,CO2,432.15
2025-09-25 09:00:00,Location_C,Water,pH,11.65
2025-09-25 09:00:00,Location_C,Water,Turbidity,4.6
2025-09-25 10:00:00,Location_A,Air,PM2.5,46.96
2025-09-25 10:00:00,Location_A,Air,CO2,446.34
2025-09-25 10:00:00,Location_A,Water,pH,6.39
2025-09-25 10:00:00,Location_A,Water,Turbidity,5.33
2025-09-25 10:00:00,Location_B,Air,PM2.5,78.53
2025-09-25 10:00:00,Location_B,Air,CO2,444.58
2025-09-25 10:00:00,Location_B,Water,pH,
2025-09-25 10:00:00,Location_B,Water,Turbidity,3.71
2025-09-25 10:00:00,Location_C,Air,PM2.5,41.86
2025-09-25 10:00:00,Location_C,Air,CO2,350.21
2025-09-25 10:00:00,Location_C,Water,pH,7.26
2025-09-25 10:00:00,Location_C,Water,Turbidity,4.84
2025-09-25 11:00:00,Location_A,Air,PM2.5,51.08
2025-09-25 11:00:00,Location_A,Air,CO2,354.38
2025-09-25 11:00:00,Location_A,Water,pH,7.48
2025-09-25 11:00:00,Location_A,Water,Turbidity,5.41
2025-09-25 11:00:00,Location_B,Air,PM2.5,52.81
2025-09-25 11:00:00,Location_B,Air,CO2,433.34
2025-09-25 11:00:00,Location_B,Water,pH,7.52
2025-09-25 11:00:00,Location_B,Water,Turbidity,9.97
2025-09-25 11:00:00,Location_C,Air,PM2.5,70.5
2025-09-25 11:00:00,Location_C,Air,CO2,421.99
2025-09-25 11:00:00,Location_C,Water,pH,7.45
2025-09-25 11:00:00,Location_C,Water,Turbidity,4.83
2025-09-25 12:00:00,Location_A,Air,PM2.5,47.33
2025-09-25 12:00:00,Location_A,Air,CO2,384.03
2025-09-25 12:00:00,Location_A,Water,pH,7.42
2025-09-25 12:00:00,Location_A,Water,Turbidity,
2025-09-25 12:00:00,Location_B,Air,PM2.5,51.37
2025-09-25 12:00:00,Location_B,Air,CO2,427.2
2025-09-25 12:00:00,Location_B,Water,pH,6.64
2025-09-25 12:00:00,Location_B,Water,Turbidity,4.15
2025-09-25 12:00:00,Location_C,Air,PM2.5,37.95
2025-09-25 12:00:00,Location_C,Air,CO2,416.61
2025-09-25 12:00:00,Location_C,Water,pH,7.24
2025-09-25 12:00:00,Location_C,Water,Turbidity,4.96
2025-09-25 13:00:00,Location_A,Air,PM2.5,52.83
2025-09-25 13:00:00,Location_A,Air,CO2,404.28
2025-09-25 13:00:00,Location_A,Water,pH,6.78
2025-09-25 13:00:00,Location_A,Water,Turbidity,4.24
2025-09-25 13:00:00,Location_B,Air,PM2.5,57.16
2025-09-25 13:00:00,Location_B,Air,CO2,386.94
2025-09-25 13:00:00,Location_B,Water,pH,7.69
2025-09-25 13:00:00,Location_B,Water,Turbidity,4.71
2025-09-25 13:00:00,Location_C,Air,PM2.5,47.94
2025-09-25 13:00:00,Location_C,Air,CO2,339.08
2025-09-25 13:00:00,Location_C,Water,pH,6.57
2025-09-25 13:00:00,Location_C,Water,Turbidity,3.71
2025-09-25 14:00:00,Location_A,Air,PM2.5,45.87
2025-09-25 14:00:00,Location_A,Air,CO2,476.63
2025-09-25 14:00:00,Location_A,Water,pH,7.06
2025-09-25 14:00:00,Location_A,Water,Turbidity,6.1
2025-09-25 14:00:00,Location_B,Air,PM2.5,43.04
2025-09-25 14:00:00,Location_B,Air,CO2,425.19
2025-09-25 14:00:00,Location_B,Water,pH,6.99
2025-09-25 14:00:00,Location_B,Water,Turbidity,5.74
2025-09-25 14:00:00,Location_C,Air,PM2.5,51.85
2025-09-25 14:00:00,Location_C,Air,CO2,366.88
2025-09-25 14:00:00,Location_C,Water,pH,6.9
2025-09-25 14:00:00,Location_C,Water,Turbidity,10.74
2025-09-25 15:00:00,Location_A,Air,PM2.5,35.37
2025-09-25 15:00:00,Location_A,Air,CO2,687.49
2025-09-25 15:00:00,Location_A,Water,pH,7.02
2025-09-25 15:00:00,Location_A,Water,Turbidity,4.15
2025-09-25 15:00:00,Location_B,Air,PM2.5,58.12
2025-09-25 15:00:00,Location_B,Air,CO2,407.74
2025-09-25 15:00:00,Location_B,Water,pH,7.12
2025-09-25 15:00:00,Location_B,Water,Turbidity,5.92
2025-09-25 15:00:00,Location_C,Air,PM2.5,68.87
2025-09-25 15:00:00,Location_C,Air,CO2,407.41
2025-09-25 15:00:00,Location_C,Water,pH,7.09
2025-09-25 15:00:00,Location_C,Water,Turbidity,6.22
2025-09-25 16:00:00,Location_A,Air,PM2.5,40.97
2025-09-25 16:00:00,Location_A,Air,CO2,405.49
2025-09-25 16:00:00,Location_A,Water,pH,7.32
2025-09-25 16:00:00,Location_A,Water,Turbidity,4.85
2025-09-25 16:00:00,Location_B,Air,PM2.5,86.55
2025-09-25 16:00:00,Location_B,Air,CO2,402.16
2025-09-25 16:00:00,Location_B,Water,pH,8.45
2025-09-25 16:00:00,Location_B,Water,Turbidity,3.29
2025-09-25 16:00:00,Location_C,Air,PM2.5,39.79
2025-09-25 16:00:00,Location_C,Air,CO2,468.11
2025-09-25 16:00:00,Location_C,Water,pH,6.62
2025-09-25 16:00:00,Location_C,Water,Turbidity,4.02
2025-09-25 17:00:00,Location_A,Air,PM2.5,38.64
2025-09-25 17:00:00,Location_A,Air,CO2,411.94
2025-09-25 17:00:00,Location_A,Water,pH,7.07
2025-09-25 17:00:00,Location_A,Water,Turbidity,4.31
2025-09-25 17:00:00,Location_B,Air,PM2.5,30.19
2025-09-25 17:00:00,Location_B,Air,CO2,349.2
2025-09-25 17:00:00,Location_B,Water,pH,7.86
2025-09-25 17:00:00,Location_B,Water,Turbidity,5.79
2025-09-25 17:00:00,Location_C,Air,PM2.5,37.91
2025-09-25 17:00:00,Location_C,Air,CO2,469.27
2025-09-25 17:00:00,Location_C,Water,pH,7.09
2025-09-25 17:00:00,Location_C,Water,Turbidity,5.35
2025-09-25 18:00:00,Location_A,Air,PM2.5,21.72
2025-09-25 18:00:00,Location_A,Air,CO2,1095.19
2025-09-25 18:00:00,Location_A,Water,pH,6.11
2025-09-25 18:00:00,Location_A,Water,Turbidity,4.63
2025-09-25 18:00:00,Location_B,Air,PM2.5,57.73
2025-09-25 18:00:00,Location_B,Air,CO2,411.33
2025-09-25 18:00:00,Location_B,Water,pH,6.97
2025-09-25 18:00:00,Location_B,Water,Turbidity,6.3
2025-09-25 18:00:00,Location_C,Air,PM2.5,40.32
2025-09-25 18:00:00,Location_C,Air,CO2,411.31
2025-09-25 18:00:00,Location_C,Water,pH,7.55
2025-09-25 18:00:00,Location_C,Water,Turbidity,14.68
2025-09-25 19:00:00,Location_A,Air,PM2.5,50.73
2025-09-25 19:00:00,Location_A,Air,CO2,512.21
2025-09-25 19:00:00,Location_A,Water,pH,5.77
2025-09-25 19:00:00,Location_A,Water,Turbidity,4.67
2025-09-25 19:00:00,Location_B,Air,PM2.5,66.94
2025-09-25 19:00:00,Location_B,Air,CO2,282.11
2025-09-25 19:00:00,Location_B,Water,pH,6.76
2025-09-25 19:00:00,Location_B,Water,Turbidity,8.94
2025-09-25 19:00:00,Location_C,Air,PM2.5,61.5
2025-09-25 19:00:00,Location_C,Air,CO2,455.56
2025-09-25 19:00:00,Location_C,Water,pH,7.8
2025-09-25 19:00:00,Location_C,Water,Turbidity,4.63
2025-09-25 20:00:00,Location_A,Air,PM2.5,46.88
2025-09-25 20:00:00,Location_A,Air,CO2,372.49
2025-09-25 20:00:00,Location_A,Water,pH,7.78
2025-09-25 20:00:00,Location_A,Water,Turbidity,2.72
2025-09-25 20:00:00,Location_B,Air,PM2.5,47.34
2025-09-25 20:00:00,Location_B,Air,CO2,375.85
2025-09-25 20:00:00,Location_B,Water,pH,7.01
2025-09-25 20:00:00,Location_B,Water,Turbidity,6.14
2025-09-25 20:00:00,Location_C,Air,PM2.5,50.75
2025-09-25 20:00:00,Location_C,Air,CO2,398.4
2025-09-25 20:00:00,Location_C,Water,pH,6.65
2025-09-25 20:00:00,Location_C,Water,Turbidity,5.25
2025-09-25 21:00:00,Location_A,Air,PM2.5,52.74
2025-09-25 21:00:00,Location_A,Air,CO2,702.59
2025-09-25 21:00:00,Location_A,Water,pH,7.59
2025-09-25 21:00:00,Location_A,Water,Turbidity,3.81
2025-09-25 21:00:00,Location_B,Air,PM2.5,34.5
2025-09-25 21:00:00,Location_B,Air,CO2,377.52
2025-09-25 21:00:00,Location_B,Water,pH,7.08
2025-09-25 21:00:00,Location_B,Water,Turbidity,5.34
2025-09-25 21:00:00,Location_C,Air,PM2.5,33.07
2025-09-25 21:00:00,Location_C,Air,CO2,403.99
2025-09-25 21:00:00,Location_C,Water,pH,7.26
2025-09-25 21:00:00,Location_C,Water,Turbidity,
2025-09-25 22:00:00,Location_A,Air,PM2.5,52.95
2025-09-25 22:00:00,Location_A,Air,CO2,417.95
2025-09-25 22:00:00,Location_A,Water,pH,7.07
2025-09-25 22:00:00,Location_A,Water,Turbidity,4.99
2025-09-25 22:00:00,Location_B,Air,PM2.5,43.43
2025-09-25 22:00:00,Location_B,Air,CO2,646.75
2025-09-25 22:00:00,Location_B,Water,pH,7.22
2025-09-25 22:00:00,Location_B,Water,Turbidity,5.62
2025-09-25 22:00:00,Location_C,Air,PM2.5,51.9
2025-09-25 22:00:00,Location_C,Air,CO2,445.11
2025-09-25 22:00:00,Location_C,Water,pH,7.29
2025-09-25 22:00:00,Location_C,Water,Turbidity,4.06
2025-09-25 23:00:00,Location_A,Air,PM2.5,57.81
2025-09-25 23:00:00,Location_A,Air,CO2,394.01
2025-09-25 23:00:00,Location_A,Water,pH,6.61
2025-09-25 23:00:00,Location_A,Water,Turbidity,6.92
2025-09-25 23:00:00,Location_B,Air,PM2.5,51.23
2025-09-25 23:00:00,Location_B,Air,CO2,431.02
2025-09-25 23:00:00,Location_B,Water,pH,6.26
2025-09-25 23:00:00,Location_B,Water,Turbidity,4.92
2025-09-25 23:00:00,Location_C,Air,PM2.5,37.06
2025-09-25 23:00:00,Location_C,Air,CO2,415.52
2025-09-25 23:00:00,Location_C,Water,pH,6.42
2025-09-25 23:00:00,Location_C,Water,Turbidity,5.72
2025-09-26 00:00:00,Location_A,Air,PM2.5,38.19
2025-09-26 00:00:00,Location_A,Air,CO2,450.02
2025-09-26 00:00:00,Location_A,Water,pH,7.27
2025-09-26 00:00:00,Location_A,Water,Turbidity,5.94
2025-09-26 00:00:00,Location_B,Air,PM2.5,33.77
2025-09-26 00:00:00,Location_B,Air,CO2,397.92
2025-09-26 00:00:00,Location_B,Water,pH,6.58
2025-09-26 00:00:00,Location_B,Water,Turbidity,5.98
2025-09-26 00:00:00,Location_C,Air,PM2.5,49.96
2025-09-26 00:00:00,Location_C,Air,CO2,450.76
2025-09-26 00:00:00,Location_C,Water,pH,7.24
2025-09-26 00:00:00,Location_C,Water,Turbidity,12.1
2025-09-26 01:00:00,Location_A,Air,PM2.5,33.76
2025-09-26 01:00:00,Location_A,Air,CO2,344.48
2025-09-26 01:00:00,Location_A,Water,pH,7.12
2025-09-26 01:00:00,Location_A,Water,Turbidity,5.27
2025-09-26 01:00:00,Location_B,Air,PM2.5,57.75
2025-09-26 01:00:00,Location_B,Air,CO2,392.34
2025-09-26 01:00:00,Location_B,Water,pH,17.41
2025-09-26 01:00:00,Location_B,Water,Turbidity,3.75
2025-09-26 01:00:00,Location_C,Air,PM2.5,43.95
2025-09-26 01:00:00,Location_C,Air,CO2,437.01
2025-09-26 01:00:00,Location_C,Water,pH,6.45
2025-09-26 01:00:00,Location_C,Water,Turbidity,4.44
2025-09-26 02:00:00,Location_A,Air,PM2.5,
2025-09-26 02:00:00,Location_A,Air,CO2,462.58
2025-09-26 02:00:00,Location_A,Water,pH,6.67
2025-09-26 02:00:00,Location_A,Water,Turbidity,5.14
2025-09-26 02:00:00,Location_B,Air,PM2.5,45.74
2025-09-26 02:00:00,Location_B,Air,CO2,364.95
2025-09-26 02:00:00,Location_B,Water,pH,7.64
2025-09-26 02:00:00,Location_B,Water,Turbidity,3.21
2025-09-26 02:00:00,Location_C,Air,PM2.5,38.44
2025-09-26 02:00:00,Location_C,Air,CO2,385.07
2025-09-26 02:00:00,Location_C,Water,pH,7.46
2025-09-26 02:00:00,Location_C,Water,Turbidity,5.75
2025-09-26 03:00:00,Location_A,Air,PM2.5,69.98
2025-09-26 03:00:00,Location_A,Air,CO2,323.97
2025-09-26 03:00:00,Location_A,Water,pH,
2025-09-26 03:00:00,Location_A,Water,Turbidity,4.54
2025-09-26 03:00:00,Location_B,Air,PM2.5,40.66
2025-09-26 03:00:00,Location_B,Air,CO2,362.33
2025-09-26 03:00:00,Location_B,Water,pH,7.69
2025-09-26 03:00:00,Location_B,Water,Turbidity,
2025-09-26 03:00:00,Location_C,Air,PM2.5,52
2025-09-26 03:00:00,Location_C,Air,CO2,402.08
2025-09-26 03:00:00,Location_C,Water,pH,7.22
2025-09-26 03:00:00,Location_C,Water,Turbidity,6.71
2025-09-26 04:00:00,Location_A,Air,PM2.5,33.5
2025-09-26 04:00:00,Location_A,Air,CO2,311.27
2025-09-26 04:00:00,Location_A,Water,pH,7.48
2025-09-26 04:00:00,Location_A,Water,Turbidity,
2025-09-26 04:00:00,Location_B,Air,PM2.5,61.5
2025-09-26 04:00:00,Location_B,Air,CO2,348.16
2025-09-26 04:00:00,Location_B,Water,pH,
2025-09-26 04:00:00,Location_B,Water,Turbidity,4.49
2025-09-26 04:00:00,Location_C,Air,PM2.5,39.19
2025-09-26 04:00:00,Location_C,Air,CO2,368.88
2025-09-26 04:00:00,Location_C,Water,pH,6.97
2025-09-26 04:00:00,Location_C,Water,Turbidity,6.58
2025-09-26 05:00:00,Location_A,Air,PM2.5,46.43
2025-09-26 05:00:00,Location_A,Air,CO2,457.15
2025-09-26 05:00:00,Location_A,Water,pH,7.41
2025-09-26 05:00:00,Location_A,Water,Turbidity,5.08
2025-09-26 05:00:00,Location_B,Air,PM2.5,51.52
2025-09-26 05:00:00,Location_B,Air,CO2,304.68
2025-09-26 05:00:00,Location_B,Water,pH,6.7
2025-09-26 05:00:00,Location_B,Water,Turbidity,2.72
2025-09-26 05:00:00,Location_C,Air,PM2.5,144.58
2025-09-26 05:00:00,Location_C,Air,CO2,386.06
2025-09-26 05:00:00,Location_C,Water,pH,6.6
2025-09-26 05:00:00,Location_C,Water,Turbidity,4.04
2025-09-26 06:00:00,Location_A,Air,PM2.5,56.91
2025-09-26 06:00:00,Location_A,Air,CO2,342.36
2025-09-26 06:00:00,Location_A,Water,pH,7.63
2025-09-26 06:00:00,Location_A,Water,Turbidity,6.12
2025-09-26 06:00:00,Location_B,Air,PM2.5,63.12
2025-09-26 06:00:00,Location_B,Air,CO2,309.03
2025-09-26 06:00:00,Location_B,Water,pH,6.79
2025-09-26 06:00:00,Location_B,Water,Turbidity,
2025-09-26 06:00:00,Location_C,Air,PM2.5,52.5
2025-09-26 06:00:00,Location_C,Air,CO2,421.84
2025-09-26 06:00:00,Location_C,Water,pH,7.45
2025-09-26 06:00:00,Location_C,Water,Turbidity,5.45
2025-09-26 07:00:00,Location_A,Air,PM2.5,61.41
2025-09-26 07:00:00,Location_A,Air,CO2,444.94
2025-09-26 07:00:00,Location_A,Water,pH,6.18
2025-09-26 07:00:00,Location_A,Water,Turbidity,3.91
2025-09-26 07:00:00,Location_B,Air,PM2.5,56.79
2025-09-26 07:00:00,Location_B,Air,CO2,429.14
2025-09-26 07:00:00,Location_B,Water,pH,7.37
2025-09-26 07:00:00,Location_B,Water,Turbidity,3.11
2025-09-26 07:00:00,Location_C,Air,PM2.5,48.11
2025-09-26 07:00:00,Location_C,Air,CO2,397.64
2025-09-26 07:00:00,Location_C,Water,pH,6.83
2025-09-26 07:00:00,Location_C,Water,Turbidity,6.41
2025-09-26 08:00:00,Location_A,Air,PM2.5,33.46
2025-09-26 08:00:00,Location_A,Air,CO2,371.59
2025-09-26 08:00:00,Location_A,Water,pH,6.17
2025-09-26 08:00:00,Location_A,Water,Turbidity,4.64
2025-09-26 08:00:00,Location_B,Air,PM2.5,44.74
2025-09-26 08:00:00,Location_B,Air,CO2,385.97
2025-09-26 08:00:00,Location_B,Water,pH,6.88
2025-09-26 08:00:00,Location_B,Water,Turbidity,4.87
2025-09-26 08:00:00,Location_C,Air,PM2.5,58.56
2025-09-26 08:00:00,Location_C,Air,CO2,331.61
2025-09-26 08:00:00,Location_C,Water,pH,6.16
2025-09-26 08:00:00,Location_C,Water,Turbidity,6.05
2025-09-26 09:00:00,Location_A,Air,PM2.5,45.39
2025-09-26 09:00:00,Location_A,Air,CO2,378.56
2025-09-26 09:00:00,Location_A,Water,pH,7.83
2025-09-26 09:00:00,Location_A,Water,Turbidity,3.91
2025-09-26 09:00:00,Location_B,Air,PM2.5,44.36
2025-09-26 09:00:00,Location_B,Air,CO2,426.55
2025-09-26 09:00:00,Location_B,Water,pH,6.26
2025-09-26 09:00:00,Location_B,Water,Turbidity,14.62
2025-09-26 09:00:00,Location_C,Air,PM2.5,59.46
2025-09-26 09:00:00,Location_C,Air,CO2,343.47
2025-09-26 09:00:00,Location_C,Water,pH,6.88
2025-09-26 09:00:00,Location_C,Water,Turbidity,5.07
2025-09-26 10:00:00,Location_A,Air,PM2.5,43.31
2025-09-26 10:00:00,Location_A,Air,CO2,393.1
2025-09-26 10:00:00,Location_A,Water,pH,7.55
2025-09-26 10:00:00,Location_A,Water,Turbidity,11.1
2025-09-26 10:00:00,Location_B,Air,PM2.5,59.84
2025-09-26 10:00:00,Location_B,Air,CO2,425.1
2025-09-26 10:00:00,Location_B,Water,pH,5.54
2025-09-26 10:00:00,Location_B,Water,Turbidity,5.82
2025-09-26 10:00:00,Location_C,Air,PM2.5,59.65
2025-09-26 10:00:00,Location_C,Air,CO2,385
2025-09-26 10:00:00,Location_C,Water,pH,7.26
2025-09-26 10:00:00,Location_C,Water,Turbidity,7.4
2025-09-26 11:00:00,Location_A,Air,PM2.5,67.94
2025-09-26 11:00:00,Location_A,Air,CO2,433.72
2025-09-26 11:00:00,Location_A,Water,pH,6.18
2025-09-26 11:00:00,Location_A,Water,Turbidity,3.78
2025-09-26 11:00:00,Location_B,Air,PM2.5,48.7
2025-09-26 11:00:00,Location_B,Air,CO2,438.95
2025-09-26 11:00:00,Location_B,Water,pH,7.76
2025-09-26 11:00:00,Location_B,Water,Turbidity,4.38
2025-09-26 11:00:00,Location_C,Air,PM2.5,56.65
2025-09-26 11:00:00,Location_C,Air,CO2,459.96
2025-09-26 11:00:00,Location_C,Water,pH,7.74
2025-09-26 11:00:00,Location_C,Water,Turbidity,2.89
2025-09-26 12:00:00,Location_A,Air,PM2.5,66.87
2025-09-26 12:00:00,Location_A,Air,CO2,357.34
2025-09-26 12:00:00,Location_A,Water,pH,6.68
2025-09-26 12:00:00,Location_A,Water,Turbidity,3.79
2025-09-26 12:00:00,Location_B,Air,PM2.5,43.13
2025-09-26 12:00:00,Location_B,Air,CO2,340.52
2025-09-26 12:00:00,Location_B,Water,pH,6.76
2025-09-26 12:00:00,Location_B,Water,Turbidity,
2025-09-26 12:00:00,Location_C,Air,PM2.5,70.62
2025-09-26 12:00:00,Location_C,Air,CO2,365.2
2025-09-26 12:00:00,Location_C,Water,pH,6.88
2025-09-26 12:00:00,Location_C,Water,Turbidity,4.55
2025-09-26 13:00:00,Location_A,Air,PM2.5,50.79
2025-09-26 13:00:00,Location_A,Air,CO2,403.18
2025-09-26 13:00:00,Location_A,Water,pH,6.78
2025-09-26 13:00:00,Location_A,Water,Turbidity,3.15
2025-09-26 13:00:00,Location_B,Air,PM2.5,51.04
2025-09-26 13:00:00,Location_B,Air,CO2,
2025-09-26 13:00:00,Location_B,Water,pH,7.84
2025-09-26 13:00:00,Location_B,Water,Turbidity,2.91
2025-09-26 13:00:00,Location_C,Air,PM2.5,59.67
2025-09-26 13:00:00,Location_C,Air,CO2,413.2
2025-09-26 13:00:00,Location_C,Water,pH,7.07
2025-09-26 13:00:00,Location_C,Water,Turbidity,3.67
2025-09-26 14:00:00,Location_A,Air,PM2.5,76.12
2025-09-26 14:00:00,Location_A,Air,CO2,335.52
2025-09-26 14:00:00,Location_A,Water,pH,6.42
2025-09-26 14:00:00,Location_A,Water,Turbidity,4.93
2025-09-26 14:00:00,Location_B,Air,PM2.5,44.3
2025-09-26 14:00:00,Location_B,Air,CO2,390.8
2025-09-26 14:00:00,Location_B,Water,pH,7.33
2025-09-26 14:00:00,Location_B,Water,Turbidity,4.63
2025-09-26 14:00:00,Location_C,Air,PM2.5,39
2025-09-26 14:00:00,Location_C,Air,CO2,370.05
2025-09-26 14:00:00,Location_C,Water,pH,7.57
2025-09-26 14:00:00,Location_C,Water,Turbidity,3.48
2025-09-26 15:00:00,Location_A,Air,PM2.5,54.48
2025-09-26 15:00:00,Location_A,Air,CO2,391.43
2025-09-26 15:00:00,Location_A,Water,pH,7.35
2025-09-26 15:00:00,Location_A,Water,Turbidity,3.49
2025-09-26 15:00:00,Location_B,Air,PM2.5,38.68
2025-09-26 15:00:00,Location_B,Air,CO2,399.34
2025-09-26 15:00:00,Location_B,Water,pH,7.25
2025-09-26 15:00:00,Location_B,Water,Turbidity,5.21
2025-09-26 15:00:00,Location_C,Air,PM2.5,58.42
2025-09-26 15:00:00,Location_C,Air,CO2,398.18
2025-09-26 15:00:00,Location_C,Water,pH,6.29
2025-09-26 15:00:00,Location_C,Water,Turbidity,5.61
2025-09-26 16:00:00,Location_A,Air,PM2.5,31.44
2025-09-26 16:00:00,Location_A,Air,CO2,456
2025-09-26 16:00:00,Location_A,Water,pH,7.85
2025-09-26 16:00:00,Location_A,Water,Turbidity,6
2025-09-26 16:00:00,Location_B,Air,PM2.5,36.66
2025-09-26 16:00:00,Location_B,Air,CO2,497.34
2025-09-26 16:00:00,Location_B,Water,pH,6.53
2025-09-26 16:00:00,Location_B,Water,Turbidity,
2025-09-26 16:00:00,Location_C,Air,PM2.5,36.62
2025-09-26 16:00:00,Location_C,Air,CO2,434.06
2025-09-26 16:00:00,Location_C,Water,pH,7.32
2025-09-26 16:00:00,Location_C,Water,Turbidity,7.32
2025-09-26 17:00:00,Location_A,Air,PM2.5,59.6
2025-09-26 17:00:00,Location_A,Air,CO2,418.73
2025-09-26 17:00:00,Location_A,Water,pH,6.41
2025-09-26 17:00:00,Location_A,Water,Turbidity,6.16
2025-09-26 17:00:00,Location_B,Air,PM2.5,51.95
2025-09-26 17:00:00,Location_B,Air,CO2,405.63
2025-09-26 17:00:00,Location_B,Water,pH,6.35
2025-09-26 17:00:00,Location_B,Water,Turbidity,4.37
2025-09-26 17:00:00,Location_C,Air,PM2.5,53.66
2025-09-26 17:00:00,Location_C,Air,CO2,410.9
2025-09-26 17:00:00,Location_C,Water,pH,7.36
2025-09-26 17:00:00,Location_C,Water,Turbidity,5.47
2025-09-26 18:00:00,Location_A,Air,PM2.5,29.2
2025-09-26 18:00:00,Location_A,Air,CO2,1079.22
2025-09-26 18:00:00,Location_A,Water,pH,7.36
2025-09-26 18:00:00,Location_A,Water,Turbidity,6.48
2025-09-26 18:00:00,Location_B,Air,PM2.5,50.07
2025-09-26 18:00:00,Location_B,Air,CO2,503.12
2025-09-26 18:00:00,Location_B,Water,pH,7.76
2025-09-26 18:00:00,Location_B,Water,Turbidity,5.68
2025-09-26 18:00:00,Location_C,Air,PM2.5,31.46
2025-09-26 18:00:00,Location_C,Air,CO2,443.7
2025-09-26 18:00:00,Location_C,Water,pH,7.18
2025-09-26 18:00:00,Location_C,Water,Turbidity,4.85
2025-09-26 19:00:00,Location_A,Air,PM2.5,46.17
2025-09-26 19:00:00,Location_A,Air,CO2,401.74
2025-09-26 19:00:00,Location_A,Water,pH,7.18
2025-09-26 19:00:00,Location_A,Water,Turbidity,5.56
2025-09-26 19:00:00,Location_B,Air,PM2.5,42.03
2025-09-26 19:00:00,Location_B,Air,CO2,382.45
2025-09-26 19:00:00,Location_B,Water,pH,6.47
2025-09-26 19:00:00,Location_B,Water,Turbidity,5.03
2025-09-26 19:00:00,Location_C,Air,PM2.5,32.41
2025-09-26 19:00:00,Location_C,Air,CO2,348.73
2025-09-26 19:00:00,Location_C,Water,pH,6.27
2025-09-26 19:00:00,Location_C,Water,Turbidity,3.69
2025-09-26 20:00:00,Location_A,Air,PM2.5,55.65
2025-09-26 20:00:00,Location_A,Air,CO2,
2025-09-26 20:00:00,Location_A,Water,pH,7.09
2025-09-26 20:00:00,Location_A,Water,Turbidity,
2025-09-26 20:00:00,Location_B,Air,PM2.5,43.37
2025-09-26 20:00:00,Location_B,Air,CO2,348.59
2025-09-26 20:00:00,Location_B,Water,pH,7.36
2025-09-26 20:00:00,Location_B,Water,Turbidity,6.15
2025-09-26 20:00:00,Location_C,Air,PM2.5,46.45
2025-09-26 20:00:00,Location_C,Air,CO2,360.68
2025-09-26 20:00:00,Location_C,Water,pH,7.15
2025-09-26 20:00:00,Location_C,Water,Turbidity,3.13
2025-09-26 21:00:00,Location_A,Air,PM2.5,28.38
2025-09-26 21:00:00,Location_A,Air,CO2,329.78
2025-09-26 21:00:00,Location_A,Water,pH,7.06
2025-09-26 21:00:00,Location_A,Water,Turbidity,4.01
2025-09-26 21:00:00,Location_B,Air,PM2.5,47.02
2025-09-26 21:00:00,Location_B,Air,CO2,440.66
2025-09-26 21:00:00,Location_B,Water,pH,7.06
2025-09-26 21:00:00,Location_B,Water,Turbidity,3.04
2025-09-26 21:00:00,Location_C,Air,PM2.5,53.22
2025-09-26 21:00:00,Location_C,Air,CO2,489.36
2025-09-26 21:00:00,Location_C,Water,pH,6.2
2025-09-26 21:00:00,Location_C,Water,Turbidity,5.59
2025-09-26 22:00:00,Location_A,Air,PM2.5,49.32
2025-09-26 22:00:00,Location_A,Air,CO2,315.97
2025-09-26 22:00:00,Location_A,Water,pH,6.65
2025-09-26 22:00:00,Location_A,Water,Turbidity,4.6
2025-09-26 22:00:00,Location_B,Air,PM2.5,52.94
2025-09-26 22:00:00,Location_B,Air,CO2,408.21
2025-09-26 22:00:00,Location_B,Water,pH,7.15
2025-09-26 22:00:00,Location_B,Water,Turbidity,6.09
2025-09-26 22:00:00,Location_C,Air,PM2.5,51.97
2025-09-26 22:00:00,Location_C,Air,CO2,415.38
2025-09-26 22:00:00,Location_C,Water,pH,6.87
2025-09-26 22:00:00,Location_C,Water,Turbidity,5.31
2025-09-26 23:00:00,Location_A,Air,PM2.5,62.98
2025-09-26 23:00:00,Location_A,Air,CO2,377.2
2025-09-26 23:00:00,Location_A,Water,pH,7.49
2025-09-26 23:00:00,Location_A,Water,Turbidity,4.48
2025-09-26 23:00:00,Location_B,Air,PM2.5,52.34
2025-09-26 23:00:00,Location_B,Air,CO2,413.97
2025-09-26 23:00:00,Location_B,Water,pH,16.33
2025-09-26 23:00:00,Location_B,Water,Turbidity,5.22
2025-09-26 23:00:00,Location_C,Air,PM2.5,42.35
2025-09-26 23:00:00,Location_C,Air,CO2,425.43
2025-09-26 23:00:00,Location_C,Water,pH,6.9
2025-09-26 23:00:00,Location_C,Water,Turbidity,5.61
2025-09-27 00:00:00,Location_A,Air,PM2.5,52.22
2025-09-27 00:00:00,Location_A,Air,CO2,366.15
2025-09-27 00:00:00,Location_A,Water,pH,14.11
2025-09-27 00:00:00,Location_A,Water,Turbidity,5.34
2025-09-27 00:00:00,Location_B,Air,PM2.5,
2025-09-27 00:00:00,Location_B,Air,CO2,455.64
2025-09-27 00:00:00,Location_B,Water,pH,7.09
2025-09-27 00:00:00,Location_B,Water,Turbidity,5.57
2025-09-27 00:00:00,Location_C,Air,PM2.5,65.74
2025-09-27 00:00:00,Location_C,Air,CO2,413.24
2025-09-27 00:00:00,Location_C,Water,pH,7.2
2025-09-27 00:00:00,Location_C,Water,Turbidity,4.21
2025-09-27 01:00:00,Location_A,Air,PM2.5,32
2025-09-27 01:00:00,Location_A,Air,CO2,414.06
2025-09-27 01:00:00,Location_A,Water,pH,18.04
2025-09-27 01:00:00,Location_A,Water,Turbidity,4.77
2025-09-27 01:00:00,Location_B,Air,PM2.5,53.94
2025-09-27 01:00:00,Location_B,Air,CO2,380.71
2025-09-27 01:00:00,Location_B,Water,pH,8.29
2025-09-27 01:00:00,Location_B,Water,Turbidity,5.72
2025-09-27 01:00:00,Location_C,Air,PM2.5,61.48
2025-09-27 01:00:00,Location_C,Air,CO2,333.01
2025-09-27 01:00:00,Location_C,Water,pH,
2025-09-27 01:00:00,Location_C,Water,Turbidity,4.1
2025-09-27 02:00:00,Location_A,Air,PM2.5,40.92
2025-09-27 02:00:00,Location_A,Air,CO2,399.52
2025-09-27 02:00:00,Location_A,Water,pH,7.12
2025-09-27 02:00:00,Location_A,Water,Turbidity,5
2025-09-27 02:00:00,Location_B,Air,PM2.5,46.23
2025-09-27 02:00:00,Location_B,Air,CO2,283.57
2025-09-27 02:00:00,Location_B,Water,pH,
2025-09-27 02:00:00,Location_B,Water,Turbidity,3.59
2025-09-27 02:00:00,Location_C,Air,PM2.5,55.89
2025-09-27 02:00:00,Location_C,Air,CO2,389.46
2025-09-27 02:00:00,Location_C,Water,pH,6.9
2025-09-27 02:00:00,Location_C,Water,Turbidity,5.21
2025-09-27 03:00:00,Location_A,Air,PM2.5,58.4
2025-09-27 03:00:00,Location_A,Air,CO2,462.31
2025-09-27 03:00:00,Location_A,Water,pH,6.65
2025-09-27 03:00:00,Location_A,Water,Turbidity,2.66
2025-09-27 03:00:00,Location_B,Air,PM2.5,42.96
2025-09-27 03:00:00,Location_B,Air,CO2,366.32
2025-09-27 03:00:00,Location_B,Water,pH,6.74
2025-09-27 03:00:00,Location_B,Water,Turbidity,4.56
2025-09-27 03:00:00,Location_C,Air,PM2.5,53.8
2025-09-27 03:00:00,Location_C,Air,CO2,476.46
2025-09-27 03:00:00,Location_C,Water,pH,7.81
2025-09-27 03:00:00,Location_C,Water,Turbidity,4.77
2025-09-27 04:00:00,Location_A,Air,PM2.5,44.91
2025-09-27 04:00:00,Location_A,Air,CO2,419.01
2025-09-27 04:00:00,Location_A,Water,pH,7.13
2025-09-27 04:00:00,Location_A,Water,Turbidity,5.32
2025-09-27 04:00:00,Location_B,Air,PM2.5,42.84
2025-09-27 04:00:00,Location_B,Air,CO2,345.82
2025-09-27 04:00:00,Location_B,Water,pH,7.55
2025-09-27 04:00:00,Location_B,Water,Turbidity,4.19
2025-09-27 04:00:00,Location_C,Air,PM2.5,40.17
2025-09-27 04:00:00,Location_C,Air,CO2,451.05
2025-09-27 04:00:00,Location_C,Water,pH,6.14
2025-09-27 04:00:00,Location_C,Water,Turbidity,4.62
2025-09-27 05:00:00,Location_A,Air,PM2.5,29.32
2025-09-27 05:00:00,Location_A,Air,CO2,433.93
2025-09-27 05:00:00,Location_A,Water,pH,6.59
2025-09-27 05:00:00,Location_A,Water,Turbidity,4.63
2025-09-27 05:00:00,Location_B,Air,PM2.5,78.01
2025-09-27 05:00:00,Location_B,Air,CO2,389.37
2025-09-27 05:00:00,Location_B,Water,pH,6.84
2025-09-27 05:00:00,Location_B,Water,Turbidity,4.48
2025-09-27 05:00:00,Location_C,Air,PM2.5,57.58
2025-09-27 05:00:00,Location_C,Air,CO2,389.23
2025-09-27 05:00:00,Location_C,Water,pH,7.24
2025-09-27 05:00:00,Location_C,Water,Turbidity,5.37
2025-09-27 06:00:00,Location_A,Air,PM2.5,56.97
2025-09-27 06:00:00,Location_A,Air,CO2,427.87
2025-09-27 06:00:00,Location_A,Water,pH,6.43
2025-09-27 06:00:00,Location_A,Water,Turbidity,3.69
2025-09-27 06:00:00,Location_B,Air,PM2.5,39.39
2025-09-27 06:00:00,Location_B,Air,CO2,301.11
2025-09-27 06:00:00,Location_B,Water,pH,7.21
2025-09-27 06:00:00,Location_B,Water,Turbidity,5.71
2025-09-27 06:00:00,Location_C,Air,PM2.5,
2025-09-27 06:00:00,Location_C,Air,CO2,380.01
2025-09-27 06:00:00,Location_C,Water,pH,6.59
2025-09-27 06:00:00,Location_C,Water,Turbidity,5.43
2025-09-27 07:00:00,Location_A,Air,PM2.5,33.03
2025-09-27 07:00:00,Location_A,Air,CO2,411.48
2025-09-27 07:00:00,Location_A,Water,pH,6.81
2025-09-27 07:00:00,Location_A,Water,Turbidity,5.41
2025-09-27 07:00:00,Location_B,Air,PM2.5,65.68
2025-09-27 07:00:00,Location_B,Air,CO2,347.49
2025-09-27 07:00:00,Location_B,Water,pH,7.62
2025-09-27 07:00:00,Location_B,Water,Turbidity,5.09
2025-09-27 07:00:00,Location_C,Air,PM2.5,157.04
2025-09-27 07:00:00,Location_C,Air,CO2,429.39
2025-09-27 07:00:00,Location_C,Water,pH,6.49
2025-09-27 07:00:00,Location_C,Water,Turbidity,6.4
2025-09-27 08:00:00,Location_A,Air,PM2.5,36.56
2025-09-27 08:00:00,Location_A,Air,CO2,487.98
2025-09-27 08:00:00,Location_A,Water,pH,8.08
2025-09-27 08:00:00,Location_A,Water,Turbidity,6.54
2025-09-27 08:00:00,Location_B,Air,PM2.5,39.98
2025-09-27 08:00:00,Location_B,Air,CO2,370.97
2025-09-27 08:00:00,Location_B,Water,pH,7.58
2025-09-27 08:00:00,Location_B,Water,Turbidity,6.98
2025-09-27 08:00:00,Location_C,Air,PM2.5,41.82
2025-09-27 08:00:00,Location_C,Air,CO2,417.8
2025-09-27 08:00:00,Location_C,Water,pH,7.11
2025-09-27 08:00:00,Location_C,Water,Turbidity,3.93
2025-09-27 09:00:00,Location_A,Air,PM2.5,38.82
2025-09-27 09:00:00,Location_A,Air,CO2,397.11
2025-09-27 09:00:00,Location_A,Water,pH,6.74
2025-09-27 09:00:00,Location_A,Water,Turbidity,4.46
2025-09-27 09:00:00,Location_B,Air,PM2.5,54.84
2025-09-27 09:00:00,Location_B,Air,CO2,373.04
2025-09-27 09:00:00,Location_B,Water,pH,6.73
2025-09-27 09:00:00,Location_B,Water,Turbidity,6
2025-09-27 09:00:00,Location_C,Air,PM2.5,52.29
2025-09-27 09:00:00,Location_C,Air,CO2,348.7
2025-09-27 09:00:00,Location_C,Water,pH,6.96
2025-09-27 09:00:00,Location_C,Water,Turbidity,4.46
2025-09-27 10:00:00,Location_A,Air,PM2.5,46.94
2025-09-27 10:00:00,Location_A,Air,CO2,612.11
2025-09-27 10:00:00,Location_A,Water,pH,13.33
2025-09-27 10:00:00,Location_A,Water,Turbidity,4.58
2025-09-27 10:00:00,Location_B,Air,PM2.5,59.09
2025-09-27 10:00:00,Location_B,Air,CO2,416.21
2025-09-27 10:00:00,Location_B,Water,pH,6.77
2025-09-27 10:00:00,Location_B,Water,Turbidity,4.13
2025-09-27 10:00:00,Location_C,Air,PM2.5,49.61
2025-09-27 10:00:00,Location_C,Air,CO2,431.57
2025-09-27 10:00:00,Location_C,Water,pH,7.06
2025-09-27 10:00:00,Location_C,Water,Turbidity,5.33
2025-09-27 11:00:00,Location_A,Air,PM2.5,55.21
2025-09-27 11:00:00,Location_A,Air,CO2,454.7
2025-09-27 11:00:00,Location_A,Water,pH,6.55
2025-09-27 11:00:00,Location_A,Water,Turbidity,4.41
2025-09-27 11:00:00,Location_B,Air,PM2.5,54.4
2025-09-27 11:00:00,Location_B,Air,CO2,453.81
2025-09-27 11:00:00,Location_B,Water,pH,7.38
2025-09-27 11:00:00,Location_B,Water,Turbidity,5.75
2025-09-27 11:00:00,Location_C,Air,PM2.5,39.47
2025-09-27 11:00:00,Location_C,Air,CO2,310.06
2025-09-27 11:00:00,Location_C,Water,pH,7.22
2025-09-27 11:00:00,Location_C,Water,Turbidity,5.75
2025-09-27 12:00:00,Location_A,Air,PM2.5,
2025-09-27 12:00:00,Location_A,Air,CO2,410.63
2025-09-27 12:00:00,Location_A,Water,pH,21.95
2025-09-27 12:00:00,Location_A,Water,Turbidity,7.15
2025-09-27 12:00:00,Location_B,Air,PM2.5,52.65
2025-09-27 12:00:00,Location_B,Air,CO2,359.37
2025-09-27 12:00:00,Location_B,Water,pH,7.49
2025-09-27 12:00:00,Location_B,Water,Turbidity,5.01
2025-09-27 12:00:00,Location_C,Air,PM2.5,36.8
2025-09-27 12:00:00,Location_C,Air,CO2,446.9
2025-09-27 12:00:00,Location_C,Water,pH,6.83
2025-09-27 12:00:00,Location_C,Water,Turbidity,5.78
2025-09-27 13:00:00,Location_A,Air,PM2.5,63.8
2025-09-27 13:00:00,Location_A,Air,CO2,391.45
2025-09-27 13:00:00,Location_A,Water,pH,7.68
2025-09-27 13:00:00,Location_A,Water,Turbidity,4.51
2025-09-27 13:00:00,Location_B,Air,PM2.5,57.97
2025-09-27 13:00:00,Location_B,Air,CO2,521.9
2025-09-27 13:00:00,Location_B,Water,pH,6.72
2025-09-27 13:00:00,Location_B,Water,Turbidity,6.71
2025-09-27 13:00:00,Location_C,Air,PM2.5,64.83
2025-09-27 13:00:00,Location_C,Air,CO2,327.02
2025-09-27 13:00:00,Location_C,Water,pH,6.71
2025-09-27 13:00:00,Location_C,Water,Turbidity,4.6
2025-09-27 14:00:00,Location_A,Air,PM2.5,56.04
2025-09-27 14:00:00,Location_A,Air,CO2,531.27
2025-09-27 14:00:00,Location_A,Water,pH,6.69
2025-09-27 14:00:00,Location_A,Water,Turbidity,3.92
2025-09-27 14:00:00,Location_B,Air,PM2.5,56.94
2025-09-27 14:00:00,Location_B,Air,CO2,393.39
2025-09-27 14:00:00,Location_B,Water,pH,6.79
2025-09-27 14:00:00,Location_B,Water,Turbidity,3.72
2025-09-27 14:00:00,Location_C,Air,PM2.5,53.5
2025-09-27 14:00:00,Location_C,Air,CO2,341.56
2025-09-27 14:00:00,Location_C,Water,pH,7.44
2025-09-27 14:00:00,Location_C,Water,Turbidity,10.15
2025-09-27 15:00:00,Location_A,Air,PM2.5,43.02
2025-09-27 15:00:00,Location_A,Air,CO2,328.15
2025-09-27 15:00:00,Location_A,Water,pH,8.14
2025-09-27 15:00:00,Location_A,Water,Turbidity,5.62
2025-09-27 15:00:00,Location_B,Air,PM2.5,57.85
2025-09-27 15:00:00,Location_B,Air,CO2,329.95
2025-09-27 15:00:00,Location_B,Water,pH,7.36
2025-09-27 15:00:00,Location_B,Water,Turbidity,4.83
2025-09-27 15:00:00,Location_C,Air,PM2.5,65.16
2025-09-27 15:00:00,Location_C,Air,CO2,408.63
2025-09-27 15:00:00,Location_C,Water,pH,7.07
2025-09-27 15:00:00,Location_C,Water,Turbidity,5.71
2025-09-27 16:00:00,Location_A,Air,PM2.5,57.47
2025-09-27 16:00:00,Location_A,Air,CO2,330.01
2025-09-27 16:00:00,Location_A,Water,pH,
2025-09-27 16:00:00,Location_A,Water,Turbidity,3.53
2025-09-27 16:00:00,Location_B,Air,PM2.5,56.84
2025-09-27 16:00:00,Location_B,Air,CO2,380.98
2025-09-27 16:00:00,Location_B,Water,pH,6.75
2025-09-27 16:00:00,Location_B,Water,Turbidity,5.49
2025-09-27 16:00:00,Location_C,Air,PM2.5,65.25
2025-09-27 16:00:00,Location_C,Air,CO2,
2025-09-27 16:00:00,Location_C,Water,pH,6.03
2025-09-27 16:00:00,Location_C,Water,Turbidity,4.63
2025-09-27 17:00:00,Location_A,Air,PM2.5,45.05
2025-09-27 17:00:00,Location_A,Air,CO2,353.02
2025-09-27 17:00:00,Location_A,Water,pH,6.79
2025-09-27 17:00:00,Location_A,Water,Turbidity,5.44
2025-09-27 17:00:00,Location_B,Air,PM2.5,45.5
2025-09-27 17:00:00,Location_B,Air,CO2,344.27
2025-09-27 17:00:00,Location_B,Water,pH,6.41
2025-09-27 17:00:00,Location_B,Water,Turbidity,6.76
2025-09-27 17:00:00,Location_C,Air,PM2.5,53.96
2025-09-27 17:00:00,Location_C,Air,CO2,471.87
2025-09-27 17:00:00,Location_C,Water,pH,7.61
2025-09-27 17:00:00,Location_C,Water,Turbidity,5.46
2025-09-27 18:00:00,Location_A,Air,PM2.5,40.6
2025-09-27 18:00:00,Location_A,Air,CO2,429.79
2025-09-27 18:00:00,Location_A,Water,pH,6.77
2025-09-27 18:00:00,Location_A,Water,Turbidity,4.83
2025-09-27 18:00:00,Location_B,Air,PM2.5,85.56
2025-09-27 18:00:00,Location_B,Air,CO2,354.42
2025-09-27 18:00:00,Location_B,Water,pH,7.77
2025-09-27 18:00:00,Location_B,Water,Turbidity,4.97
2025-09-27 18:00:00,Location_C,Air,PM2.5,
2025-09-27 18:00:00,Location_C,Air,CO2,343.26
2025-09-27 18:00:00,Location_C,Water,pH,6.39
2025-09-27 18:00:00,Location_C,Water,Turbidity,5.25
2025-09-27 19:00:00,Location_A,Air,PM2.5,51
2025-09-27 19:00:00,Location_A,Air,CO2,294.81
2025-09-27 19:00:00,Location_A,Water,pH,6.76
2025-09-27 19:00:00,Location_A,Water,Turbidity,6.3
2025-09-27 19:00:00,Location_B,Air,PM2.5,54.87
2025-09-27 19:00:00,Location_B,Air,CO2,
2025-09-27 19:00:00,Location_B,Water,pH,7.32
2025-09-27 19:00:00,Location_B,Water,Turbidity,6.16
2025-09-27 19:00:00,Location_C,Air,PM2.5,42.5
2025-09-27 19:00:00,Location_C,Air,CO2,360.53
2025-09-27 19:00:00,Location_C,Water,pH,6.81
2025-09-27 19:00:00,Location_C,Water,Turbidity,9.16
2025-09-27 20:00:00,Location_A,Air,PM2.5,54.22
2025-09-27 20:00:00,Location_A,Air,CO2,420.99
2025-09-27 20:00:00,Location_A,Water,pH,6.53
2025-09-27 20:00:00,Location_A,Water,Turbidity,5.92
2025-09-27 20:00:00,Location_B,Air,PM2.5,35.38
2025-09-27 20:00:00,Location_B,Air,CO2,367.33
2025-09-27 20:00:00,Location_B,Water,pH,7.11
2025-09-27 20:00:00,Location_B,Water,Turbidity,6.18
2025-09-27 20:00:00,Location_C,Air,PM2.5,57.75
2025-09-27 20:00:00,Location_C,Air,CO2,391.69
2025-09-27 20:00:00,Location_C,Water,pH,6.57
2025-09-27 20:00:00,Location_C,Water,Turbidity,6.31
2025-09-27 21:00:00,Location_A,Air,PM2.5,57.14
2025-09-27 21:00:00,Location_A,Air,CO2,282.6
2025-09-27 21:00:00,Location_A,Water,pH,6.86
2025-09-27 21:00:00,Location_A,Water,Turbidity,4.29
2025-09-27 21:00:00,Location_B,Air,PM2.5,45.19
2025-09-27 21:00:00,Location_B,Air,CO2,357.14
2025-09-27 21:00:00,Location_B,Water,pH,6.44
2025-09-27 21:00:00,Location_B,Water,Turbidity,4.1
2025-09-27 21:00:00,Location_C,Air,PM2.5,57.54
2025-09-27 21:00:00,Location_C,Air,CO2,383.32
2025-09-27 21:00:00,Location_C,Water,pH,6.3
2025-09-27 21:00:00,Location_C,Water,Turbidity,4.33
2025-09-27 22:00:00,Location_A,Air,PM2.5,39.46
2025-09-27 22:00:00,Location_A,Air,CO2,359.36
2025-09-27 22:00:00,Location_A,Water,pH,6.98
2025-09-27 22:00:00,Location_A,Water,Turbidity,6.32
2025-09-27 22:00:00,Location_B,Air,PM2.5,60.85
2025-09-27 22:00:00,Location_B,Air,CO2,811.93
2025-09-27 22:00:00,Location_B,Water,pH,7.97
2025-09-27 22:00:00,Location_B,Water,Turbidity,4.11
2025-09-27 22:00:00,Location_C,Air,PM2.5,36.07
2025-09-27 22:00:00,Location_C,Air,CO2,
2025-09-27 22:00:00,Location_C,Water,pH,19.81
2025-09-27 22:00:00,Location_C,Water,Turbidity,6.58
2025-09-27 23:00:00,Location_A,Air,PM2.5,47.57
2025-09-27 23:00:00,Location_A,Air,CO2,466.56
2025-09-27 23:00:00,Location_A,Water,pH,7.12
2025-09-27 23:00:00,Location_A,Water,Turbidity,2.95
2025-09-27 23:00:00,Location_B,Air,PM2.5,64.88
2025-09-27 23:00:00,Location_B,Air,CO2,457.64
2025-09-27 23:00:00,Location_B,Water,pH,6.87
2025-09-27 23:00:00,Location_B,Water,Turbidity,6.03
2025-09-27 23:00:00,Location_C,Air,PM2.5,66.24
2025-09-27 23:00:00,Location_C,Air,CO2,691.52
2025-09-27 23:00:00,Location_C,Water,pH,6.49
2025-09-27 23:00:00,Location_C,Water,Turbidity,3.31
2025-09-28 00:00:00,Location_A,Air,PM2.5,146.69
2025-09-28 00:00:00,Location_A,Air,CO2,387.3
2025-09-28 00:00:00,Location_A,Water,pH,7.53
2025-09-28 00:00:00,Location_A,Water,Turbidity,5.5
2025-09-28 00:00:00,Location_B,Air,PM2.5,53.42
2025-09-28 00:00:00,Location_B,Air,CO2,370.22
2025-09-28 00:00:00,Location_B,Water,pH,7.24
2025-09-28 00:00:00,Location_B,Water,Turbidity,10.79
2025-09-28 00:00:00,Location_C,Air,PM2.5,36.57
2025-09-28 00:00:00,Location_C,Air,CO2,400.15
2025-09-28 00:00:00,Location_C,Water,pH,6.42
2025-09-28 00:00:00,Location_C,Water,Turbidity,3.42
2025-09-28 01:00:00,Location_A,Air,PM2.5,48.55
2025-09-28 01:00:00,Location_A,Air,CO2,478.64
2025-09-28 01:00:00,Location_A,Water,pH,7
2025-09-28 01:00:00,Location_A,Water,Turbidity,2.59
2025-09-28 01:00:00,Location_B,Air,PM2.5,48.17
2025-09-28 01:00:00,Location_B,Air,CO2,421.17
2025-09-28 01:00:00,Location_B,Water,pH,6.91
2025-09-28 01:00:00,Location_B,Water,Turbidity,
2025-09-28 01:00:00,Location_C,Air,PM2.5,61.48
2025-09-28 01:00:00,Location_C,Air,CO2,319.62
2025-09-28 01:00:00,Location_C,Water,pH,6.78
2025-09-28 01:00:00,Location_C,Water,Turbidity,4.87
2025-09-28 02:00:00,Location_A,Air,PM2.5,40.62
2025-09-28 02:00:00,Location_A,Air,CO2,433.24
2025-09-28 02:00:00,Location_A,Water,pH,7.18
2025-09-28 02:00:00,Location_A,Water,Turbidity,3.96
2025-09-28 02:00:00,Location_B,Air,PM2.5,54.82
2025-09-28 02:00:00,Location_B,Air,CO2,348.88
2025-09-28 02:00:00,Location_B,Water,pH,6.6
2025-09-28 02:00:00,Location_B,Water,Turbidity,
2025-09-28 02:00:00,Location_C,Air,PM2.5,45.48
2025-09-28 02:00:00,Location_C,Air,CO2,447.43
2025-09-28 02:00:00,Location_C,Water,pH,6.84
2025-09-28 02:00:00,Location_C,Water,Turbidity,
2025-09-28 03:00:00,Location_A,Air,PM2.5,108.31
2025-09-28 03:00:00,Location_A,Air,CO2,446.78
2025-09-28 03:00:00,Location_A,Water,pH,7.44
2025-09-28 03:00:00,Location_A,Water,Turbidity,5.53
2025-09-28 03:00:00,Location_B,Air,PM2.5,57.84
2025-09-28 03:00:00,Location_B,Air,CO2,407.31
2025-09-28 03:00:00,Location_B,Water,pH,6.61
2025-09-28 03:00:00,Location_B,Water,Turbidity,5.35
2025-09-28 03:00:00,Location_C,Air,PM2.5,39.84
2025-09-28 03:00:00,Location_C,Air,CO2,333.33
2025-09-28 03:00:00,Location_C,Water,pH,7.64
2025-09-28 03:00:00,Location_C,Water,Turbidity,5.58
2025-09-28 04:00:00,Location_A,Air,PM2.5,47.93
2025-09-28 04:00:00,Location_A,Air,CO2,466.53
2025-09-28 04:00:00,Location_A,Water,pH,7.55
2025-09-28 04:00:00,Location_A,Water,Turbidity,6.58
2025-09-28 04:00:00,Location_B,Air,PM2.5,58.36
2025-09-28 04:00:00,Location_B,Air,CO2,430.58
2025-09-28 04:00:00,Location_B,Water,pH,5.42
2025-09-28 04:00:00,Location_B,Water,Turbidity,4.25
2025-09-28 04:00:00,Location_C,Air,PM2.5,46.35
2025-09-28 04:00:00,Location_C,Air,CO2,405.44
2025-09-28 04:00:00,Location_C,Water,pH,7.39
2025-09-28 04:00:00,Location_C,Water,Turbidity,5.71
2025-09-28 05:00:00,Location_A,Air,PM2.5,36.81
2025-09-28 05:00:00,Location_A,Air,CO2,413.03
2025-09-28 05:00:00,Location_A,Water,pH,7.18
2025-09-28 05:00:00,Location_A,Water,Turbidity,6.76
2025-09-28 05:00:00,Location_B,Air,PM2.5,66.96
2025-09-28 05:00:00,Location_B,Air,CO2,868.29
2025-09-28 05:00:00,Location_B,Water,pH,
2025-09-28 05:00:00,Location_B,Water,Turbidity,
2025-09-28 05:00:00,Location_C,Air,PM2.5,34.08
2025-09-28 05:00:00,Location_C,Air,CO2,366.24
2025-09-28 05:00:00,Location_C,Water,pH,7.01
2025-09-28 05:00:00,Location_C,Water,Turbidity,3.18
2025-09-28 06:00:00,Location_A,Air,PM2.5,52.21
2025-09-28 06:00:00,Location_A,Air,CO2,395.01
2025-09-28 06:00:00,Location_A,Water,pH,6.89
2025-09-28 06:00:00,Location_A,Water,Turbidity,5.31
2025-09-28 06:00:00,Location_B,Air,PM2.5,129.95
2025-09-28 06:00:00,Location_B,Air,CO2,356.75
2025-09-28 06:00:00,Location_B,Water,pH,7.13
2025-09-28 06:00:00,Location_B,Water,Turbidity,6.92
2025-09-28 06:00:00,Location_C,Air,PM2.5,60.23
2025-09-28 06:00:00,Location_C,Air,CO2,497.31
2025-09-28 06:00:00,Location_C,Water,pH,7.03
2025-09-28 06:00:00,Location_C,Water,Turbidity,3.72
2025-09-28 07:00:00,Location_A,Air,PM2.5,25.46
2025-09-28 07:00:00,Location_A,Air,CO2,393.97
2025-09-28 07:00:00,Location_A,Water,pH,7.22
2025-09-28 07:00:00,Location_A,Water,Turbidity,5.69
2025-09-28 07:00:00,Location_B,Air,PM2.5,51.41
2025-09-28 07:00:00,Location_B,Air,CO2,444.48
2025-09-28 07:00:00,Location_B,Water,pH,6.12
2025-09-28 07:00:00,Location_B,Water,Turbidity,5.48
2025-09-28 07:00:00,Location_C,Air,PM2.5,56.29
2025-09-28 07:00:00,Location_C,Air,CO2,365.98
2025-09-28 07:00:00,Location_C,Water,pH,6.24
2025-09-28 07:00:00,Location_C,Water,Turbidity,4.03
2025-09-28 08:00:00,Location_A,Air,PM2.5,51.34
2025-09-28 08:00:00,Location_A,Air,CO2,480.29
2025-09-28 08:00:00,Location_A,Water,pH,7.15
2025-09-28 08:00:00,Location_A,Water,Turbidity,
2025-09-28 08:00:00,Location_B,Air,PM2.5,33.6
2025-09-28 08:00:00,Location_B,Air,CO2,348.88
2025-09-28 08:00:00,Location_B,Water,pH,7.21
2025-09-28 08:00:00,Location_B,Water,Turbidity,4.77
2025-09-28 08:00:00,Location_C,Air,PM2.5,54.63
2025-09-28 08:00:00,Location_C,Air,CO2,381.4
2025-09-28 08:00:00,Location_C,Water,pH,7.14
2025-09-28 08:00:00,Location_C,Water,Turbidity,5.34
2025-09-28 09:00:00,Location_A,Air,PM2.5,54.03
2025-09-28 09:00:00,Location_A,Air,CO2,346.21
2025-09-28 09:00:00,Location_A,Water,pH,8.07
2025-09-28 09:00:00,Location_A,Water,Turbidity,4.76
2025-09-28 09:00:00,Location_B,Air,PM2.5,47.85
2025-09-28 09:00:00,Location_B,Air,CO2,357.52
2025-09-28 09:00:00,Location_B,Water,pH,6.81
2025-09-28 09:00:00,Location_B,Water,Turbidity,4.49
2025-09-28 09:00:00,Location_C,Air,PM2.5,47.7
2025-09-28 09:00:00,Location_C,Air,CO2,407.23
2025-09-28 09:00:00,Location_C,Water,pH,5.71
2025-09-28 09:00:00,Location_C,Water,Turbidity,4.17
2025-09-28 10:00:00,Location_A,Air,PM2.5,46.39
2025-09-28 10:00:00,Location_A,Air,CO2,412.19
2025-09-28 10:00:00,Location_A,Water,pH,6.77
2025-09-28 10:00:00,Location_A,Water,Turbidity,5.96
2025-09-28 10:00:00,Location_B,Air,PM2.5,52.89
2025-09-28 10:00:00,Location_B,Air,CO2,278.95
2025-09-28 10:00:00,Location_B,Water,pH,6.3
2025-09-28 10:00:00,Location_B,Water,Turbidity,5.59
2025-09-28 10:00:00,Location_C,Air,PM2.5,28.27
2025-09-28 10:00:00,Location_C,Air,CO2,433.72
2025-09-28 10:00:00,Location_C,Water,pH,6.22
2025-09-28 10:00:00,Location_C,Water,Turbidity,4.38
2025-09-28 11:00:00,Location_A,Air,PM2.5,47.48
2025-09-28 11:00:00,Location_A,Air,CO2,382.56
2025-09-28 11:00:00,Location_A,Water,pH,6.65
2025-09-28 11:00:00,Location_A,Water,Turbidity,4.09
2025-09-28 11:00:00,Location_B,Air,PM2.5,46.67
2025-09-28 11:00:00,Location_B,Air,CO2,459.61
2025-09-28 11:00:00,Location_B,Water,pH,
2025-09-28 11:00:00,Location_B,Water,Turbidity,4.93
2025-09-28 11:00:00,Location_C,Air,PM2.5,39.58
2025-09-28 11:00:00,Location_C,Air,CO2,
2025-09-28 11:00:00,Location_C,Water,pH,7.32
2025-09-28 11:00:00,Location_C,Water,Turbidity,6.1
2025-09-28 12:00:00,Location_A,Air,PM2.5,55.48
2025-09-28 12:00:00,Location_A,Air,CO2,339.96
2025-09-28 12:00:00,Location_A,Water,pH,5.96
2025-09-28 12:00:00,Location_A,Water,Turbidity,5.1
2025-09-28 12:00:00,Location_B,Air,PM2.5,50.48
2025-09-28 12:00:00,Location_B,Air,CO2,385.41
2025-09-28 12:00:00,Location_B,Water,pH,6.36
2025-09-28 12:00:00,Location_B,Water,Turbidity,4.26
2025-09-28 12:00:00,Location_C,Air,PM2.5,59.48
2025-09-28 12:00:00,Location_C,Air,CO2,
2025-09-28 12:00:00,Location_C,Water,pH,6.48
2025-09-28 12:00:00,Location_C,Water,Turbidity,5.92
2025-09-28 13:00:00,Location_A,Air,PM2.5,39.31
2025-09-28 13:00:00,Location_A,Air,CO2,482.21
2025-09-28 13:00:00,Location_A,Water,pH,6.92
2025-09-28 13:00:00,Location_A,Water,Turbidity,4.66
2025-09-28 13:00:00,Location_B,Air,PM2.5,50.31
2025-09-28 13:00:00,Location_B,Air,CO2,311.75
2025-09-28 13:00:00,Location_B,Water,pH,7.24
2025-09-28 13:00:00,Location_B,Water,Turbidity,5.24
2025-09-28 13:00:00,Location_C,Air,PM2.5,67.98
2025-09-28 13:00:00,Location_C,Air,CO2,431.59
2025-09-28 13:00:00,Location_C,Water,pH,7.22
2025-09-28 13:00:00,Location_C,Water,Turbidity,4.44
2025-09-28 14:00:00,Location_A,Air,PM2.5,54.91
2025-09-28 14:00:00,Location_A,Air,CO2,455.47
2025-09-28 14:00:00,Location_A,Water,pH,6.96
2025-09-28 14:00:00,Location_A,Water,Turbidity,5.05
2025-09-28 14:00:00,Location_B,Air,PM2.5,50.95
2025-09-28 14:00:00,Location_B,Air,CO2,412.31
2025-09-28 14:00:00,Location_B,Water,pH,6.16
2025-09-28 14:00:00,Location_B,Water,Turbidity,5.24
2025-09-28 14:00:00,Location_C,Air,PM2.5,40.09
2025-09-28 14:00:00,Location_C,Air,CO2,372.15
2025-09-28 14:00:00,Location_C,Water,pH,17.43
2025-09-28 14:00:00,Location_C,Water,Turbidity,7.2
2025-09-28 15:00:00,Location_A,Air,PM2.5,39.45
2025-09-28 15:00:00,Location_A,Air,CO2,402.91
2025-09-28 15:00:00,Location_A,Water,pH,7.72
2025-09-28 15:00:00,Location_A,Water,Turbidity,5.55
2025-09-28 15:00:00,Location_B,Air,PM2.5,41.21
2025-09-28 15:00:00,Location_B,Air,CO2,
2025-09-28 15:00:00,Location_B,Water,pH,6.64
2025-09-28 15:00:00,Location_B,Water,Turbidity,
2025-09-28 15:00:00,Location_C,Air,PM2.5,49.83
2025-09-28 15:00:00,Location_C,Air,CO2,393.26
2025-09-28 15:00:00,Location_C,Water,pH,6.33
2025-09-28 15:00:00,Location_C,Water,Turbidity,6.65
2025-09-28 16:00:00,Location_A,Air,PM2.5,39.14
2025-09-28 16:00:00,Location_A,Air,CO2,448.34
2025-09-28 16:00:00,Location_A,Water,pH,6.55
2025-09-28 16:00:00,Location_A,Water,Turbidity,5.05
2025-09-28 16:00:00,Location_B,Air,PM2.5,68.61
2025-09-28 16:00:00,Location_B,Air,CO2,
2025-09-28 16:00:00,Location_B,Water,pH,6.8
2025-09-28 16:00:00,Location_B,Water,Turbidity,4.21
2025-09-28 16:00:00,Location_C,Air,PM2.5,36.44
2025-09-28 16:00:00,Location_C,Air,CO2,357.81
2025-09-28 16:00:00,Location_C,Water,pH,15.13
2025-09-28 16:00:00,Location_C,Water,Turbidity,3.76
2025-09-28 17:00:00,Location_A,Air,PM2.5,51.4
2025-09-28 17:00:00,Location_A,Air,CO2,468.55
2025-09-28 17:00:00,Location_A,Water,pH,7.14
2025-09-28 17:00:00,Location_A,Water,Turbidity,4.31
2025-09-28 17:00:00,Location_B,Air,PM2.5,44.87
2025-09-28 17:00:00,Location_B,Air,CO2,343.16
2025-09-28 17:00:00,Location_B,Water,pH,7.14
2025-09-28 17:00:00,Location_B,Water,Turbidity,6.16
2025-09-28 17:00:00,Location_C,Air,PM2.5,61.87
2025-09-28 17:00:00,Location_C,Air,CO2,425.08
2025-09-28 17:00:00,Location_C,Water,pH,7.22
2025-09-28 17:00:00,Location_C,Water,Turbidity,3.81
2025-09-28 18:00:00,Location_A,Air,PM2.5,38.57
2025-09-28 18:00:00,Location_A,Air,CO2,830.19
2025-09-28 18:00:00,Location_A,Water,pH,7.16
2025-09-28 18:00:00,Location_A,Water,Turbidity,
2025-09-28 18:00:00,Location_B,Air,PM2.5,47.65
2025-09-28 18:00:00,Location_B,Air,CO2,384.02
2025-09-28 18:00:00,Location_B,Water,pH,7.76
2025-09-28 18:00:00,Location_B,Water,Turbidity,4.68
2025-09-28 18:00:00,Location_C,Air,PM2.5,58.26
2025-09-28 18:00:00,Location_C,Air,CO2,348.09
2025-09-28 18:00:00,Location_C,Water,pH,
2025-09-28 18:00:00,Location_C,Water,Turbidity,4.66
2025-09-28 19:00:00,Location_A,Air,PM2.5,64.81
2025-09-28 19:00:00,Location_A,Air,CO2,410.11
2025-09-28 19:00:00,Location_A,Water,pH,6.45
2025-09-28 19:00:00,Location_A,Water,Turbidity,13.88
2025-09-28 19:00:00,Location_B,Air,PM2.5,56.88
2025-09-28 19:00:00,Location_B,Air,CO2,342.41
2025-09-28 19:00:00,Location_B,Water,pH,7.86
2025-09-28 19:00:00,Location_B,Water,Turbidity,4.89
2025-09-28 19:00:00,Location_C,Air,PM2.5,36.82
2025-09-28 19:00:00,Location_C,Air,CO2,385.34
2025-09-28 19:00:00,Location_C,Water,pH,6.82
2025-09-28 19:00:00,Location_C,Water,Turbidity,6.16
2025-09-28 20:00:00,Location_A,Air,PM2.5,49.91
2025-09-28 20:00:00,Location_A,Air,CO2,350.79
2025-09-28 20:00:00,Location_A,Water,pH,
2025-09-28 20:00:00,Location_A,Water,Turbidity,3.15
2025-09-28 20:00:00,Location_B,Air,PM2.5,46.86
2025-09-28 20:00:00,Location_B,Air,CO2,379.2
2025-09-28 20:00:00,Location_B,Water,pH,6.25
2025-09-28 20:00:00,Location_B,Water,Turbidity,4.08
2025-09-28 20:00:00,Location_C,Air,PM2.5,41.71
2025-09-28 20:00:00,Location_C,Air,CO2,330.02
2025-09-28 20:00:00,Location_C,Water,pH,6.74
2025-09-28 20:00:00,Location_C,Water,Turbidity,5.41
2025-09-28 21:00:00,Location_A,Air,PM2.5,49.82
2025-09-28 21:00:00,Location_A,Air,CO2,390.63
2025-09-28 21:00:00,Location_A,Water,pH,5.87
2025-09-28 21:00:00,Location_A,Water,Turbidity,5.13
2025-09-28 21:00:00,Location_B,Air,PM2.5,41.17
2025-09-28 21:00:00,Location_B,Air,CO2,485
2025-09-28 21:00:00,Location_B,Water,pH,7.32
2025-09-28 21:00:00,Location_B,Water,Turbidity,4.61
2025-09-28 21:00:00,Location_C,Air,PM2.5,65.95
2025-09-28 21:00:00,Location_C,Air,CO2,358.29
2025-09-28 21:00:00,Location_C,Water,pH,7.24
2025-09-28 21:00:00,Location_C,Water,Turbidity,
2025-09-28 22:00:00,Location_A,Air,PM2.5,57.86
2025-09-28 22:00:00,Location_A,Air,CO2,416.5
2025-09-28 22:00:00,Location_A,Water,pH,6.84
2025-09-28 22:00:00,Location_A,Water,Turbidity,6.61
2025-09-28 22:00:00,Location_B,Air,PM2.5,50.2
2025-09-28 22:00:00,Location_B,Air,CO2,388.47
2025-09-28 22:00:00,Location_B,Water,pH,7.18
2025-09-28 22:00:00,Location_B,Water,Turbidity,5.19
2025-09-28 22:00:00,Location_C,Air,PM2.5,40.91
2025-09-28 22:00:00,Location_C,Air,CO2,430.74
2025-09-28 22:00:00,Location_C,Water,pH,7.12
2025-09-28 22:00:00,Location_C,Water,Turbidity,7.67
2025-09-28 23:00:00,Location_A,Air,PM2.5,54.66
2025-09-28 23:00:00,Location_A,Air,CO2,897.03
2025-09-28 23:00:00,Location_A,Water,pH,6.88
2025-09-28 23:00:00,Location_A,Water,Turbidity,14.06
2025-09-28 23:00:00,Location_B,Air,PM2.5,49.22
2025-09-28 23:00:00,Location_B,Air,CO2,382.24
2025-09-28 23:00:00,Location_B,Water,pH,6.92
2025-09-28 23:00:00,Location_B,Water,Turbidity,6.18
2025-09-28 23:00:00,Location_C,Air,PM2.5,51.01
2025-09-28 23:00:00,Location_C,Air,CO2,497.76
2025-09-28 23:00:00,Location_C,Water,pH,7.27
2025-09-28 23:00:00,Location_C,Water,Turbidity,4.31
2025-09-29 00:00:00,Location_A,Air,PM2.5,58.27
2025-09-29 00:00:00,Location_A,Air,CO2,396.61
2025-09-29 00:00:00,Location_A,Water,pH,6.84
2025-09-29 00:00:00,Location_A,Water,Turbidity,5.58
2025-09-29 00:00:00,Location_B,Air,PM2.5,40.38
2025-09-29 00:00:00,Location_B,Air,CO2,491.78
2025-09-29 00:00:00,Location_B,Water,pH,7.22
2025-09-29 00:00:00,Location_B,Water,Turbidity,5.51
2025-09-29 00:00:00,Location_C,Air,PM2.5,52.52
2025-09-29 00:00:00,Location_C,Air,CO2,398.1
2025-09-29 00:00:00,Location_C,Water,pH,6.57
2025-09-29 00:00:00,Location_C,Water,Turbidity,4.14
2025-09-29 01:00:00,Location_A,Air,PM2.5,35.95
2025-09-29 01:00:00,Location_A,Air,CO2,456
2025-09-29 01:00:00,Location_A,Water,pH,7.74
2025-09-29 01:00:00,Location_A,Water,Turbidity,5.98
2025-09-29 01:00:00,Location_B,Air,PM2.5,43.9
2025-09-29 01:00:00,Location_B,Air,CO2,326.66
2025-09-29 01:00:00,Location_B,Water,pH,6.92
2025-09-29 01:00:00,Location_B,Water,Turbidity,4.91
2025-09-29 01:00:00,Location_C,Air,PM2.5,52.45
2025-09-29 01:00:00,Location_C,Air,CO2,404.98
2025-09-29 01:00:00,Location_C,Water,pH,7.6
2025-09-29 01:00:00,Location_C,Water,Turbidity,4.88
2025-09-29 02:00:00,Location_A,Air,PM2.5,49.61
2025-09-29 02:00:00,Location_A,Air,CO2,480.45
2025-09-29 02:00:00,Location_A,Water,pH,7.11
2025-09-29 02:00:00,Location_A,Water,Turbidity,5.58
2025-09-29 02:00:00,Location_B,Air,PM2.5,97.24
2025-09-29 02:00:00,Location_B,Air,CO2,400.04
2025-09-29 02:00:00,Location_B,Water,pH,6.73
2025-09-29 02:00:00,Location_B,Water,Turbidity,4.51
2025-09-29 02:00:00,Location_C,Air,PM2.5,59.11
2025-09-29 02:00:00,Location_C,Air,CO2,371.38
2025-09-29 02:00:00,Location_C,Water,pH,7.18
2025-09-29 02:00:00,Location_C,Water,Turbidity,4.68
2025-09-29 03:00:00,Location_A,Air,PM2.5,44.66
2025-09-29 03:00:00,Location_A,Air,CO2,403.21
2025-09-29 03:00:00,Location_A,Water,pH,7.61
2025-09-29 03:00:00,Location_A,Water,Turbidity,6.69
2025-09-29 03:00:00,Location_B,Air,PM2.5,43.51
2025-09-29 03:00:00,Location_B,Air,CO2,413.94
2025-09-29 03:00:00,Location_B,Water,pH,7.14
2025-09-29 03:00:00,Location_B,Water,Turbidity,3.5
2025-09-29 03:00:00,Location_C,Air,PM2.5,30.32
2025-09-29 03:00:00,Location_C,Air,CO2,404.99
2025-09-29 03:00:00,Location_C,Water,pH,7.35
2025-09-29 03:00:00,Location_C,Water,Turbidity,6.21
2025-09-29 04:00:00,Location_A,Air,PM2.5,50.18
2025-09-29 04:00:00,Location_A,Air,CO2,
2025-09-29 04:00:00,Location_A,Water,pH,
2025-09-29 04:00:00,Location_A,Water,Turbidity,4.35
2025-09-29 04:00:00,Location_B,Air,PM2.5,55.19
2025-09-29 04:00:00,Location_B,Air,CO2,415.16
2025-09-29 04:00:00,Location_B,Water,pH,12.18
2025-09-29 04:00:00,Location_B,Water,Turbidity,6.88
2025-09-29 04:00:00,Location_C,Air,PM2.5,60.42
2025-09-29 04:00:00,Location_C,Air,CO2,345.77
2025-09-29 04:00:00,Location_C,Water,pH,7.42
2025-09-29 04:00:00,Location_C,Water,Turbidity,5.52
2025-09-29 05:00:00,Location_A,Air,PM2.5,46.28
2025-09-29 05:00:00,Location_A,Air,CO2,446.64
2025-09-29 05:00:00,Location_A,Water,pH,7.06
2025-09-29 05:00:00,Location_A,Water,Turbidity,5.6
2025-09-29 05:00:00,Location_B,Air,PM2.5,57.74
2025-09-29 05:00:00,Location_B,Air,CO2,
2025-09-29 05:00:00,Location_B,Water,pH,7.14
2025-09-29 05:00:00,Location_B,Water,Turbidity,3.97
2025-09-29 05:00:00,Location_C,Air,PM2.5,54.35
2025-09-29 05:00:00,Location_C,Air,CO2,484.87
2025-09-29 05:00:00,Location_C,Water,pH,7.57
2025-09-29 05:00:00,Location_C,Water,Turbidity,5.85
2025-09-29 06:00:00,Location_A,Air,PM2.5,50.93
2025-09-29 06:00:00,Location_A,Air,CO2,385.91
2025-09-29 06:00:00,Location_A,Water,pH,7.07
2025-09-29 06:00:00,Location_A,Water,Turbidity,3.26
2025-09-29 06:00:00,Location_B,Air,PM2.5,45.03
2025-09-29 06:00:00,Location_B,Air,CO2,363.78
2025-09-29 06:00:00,Location_B,Water,pH,7.23
2025-09-29 06:00:00,Location_B,Water,Turbidity,3.94
2025-09-29 06:00:00,Location_C,Air,PM2.5,53.79
2025-09-29 06:00:00,Location_C,Air,CO2,379.3
2025-09-29 06:00:00,Location_C,Water,pH,6.06
2025-09-29 06:00:00,Location_C,Water,Turbidity,5.31
2025-09-29 07:00:00,Location_A,Air,PM2.5,62.91
2025-09-29 07:00:00,Location_A,Air,CO2,479.69
2025-09-29 07:00:00,Location_A,Water,pH,7.14
2025-09-29 07:00:00,Location_A,Water,Turbidity,5.79
2025-09-29 07:00:00,Location_B,Air,PM2.5,54.1
2025-09-29 07:00:00,Location_B,Air,CO2,441.12
2025-09-29 07:00:00,Location_B,Water,pH,7.77
2025-09-29 07:00:00,Location_B,Water,Turbidity,3.9
2025-09-29 07:00:00,Location_C,Air,PM2.5,39.94
2025-09-29 07:00:00,Location_C,Air,CO2,397.64
2025-09-29 07:00:00,Location_C,Water,pH,7.06
2025-09-29 07:00:00,Location_C,Water,Turbidity,5.17
2025-09-29 08:00:00,Location_A,Air,PM2.5,29.73
2025-09-29 08:00:00,Location_A,Air,CO2,458.46
2025-09-29 08:00:00,Location_A,Water,pH,7.11
2025-09-29 08:00:00,Location_A,Water,Turbidity,3.65
2025-09-29 08:00:00,Location_B,Air,PM2.5,39.41
2025-09-29 08:00:00,Location_B,Air,CO2,850.39
2025-09-29 08:00:00,Location_B,Water,pH,7.77
2025-09-29 08:00:00,Location_B,Water,Turbidity,5.02
2025-09-29 08:00:00,Location_C,Air,PM2.5,57.74
2025-09-29 08:00:00,Location_C,Air,CO2,415.42
2025-09-29 08:00:00,Location_C,Water,pH,7.36
2025-09-29 08:00:00,Location_C,Water,Turbidity,6.52
2025-09-29 09:00:00,Location_A,Air,PM2.5,65.79
2025-09-29 09:00:00,Location_A,Air,CO2,385.22
2025-09-29 09:00:00,Location_A,Water,pH,6.19
2025-09-29 09:00:00,Location_A,Water,Turbidity,5.97
2025-09-29 09:00:00,Location_B,Air,PM2.5,57.31
2025-09-29 09:00:00,Location_B,Air,CO2,396.5
2025-09-29 09:00:00,Location_B,Water,pH,
2025-09-29 09:00:00,Location_B,Water,Turbidity,5.01
2025-09-29 09:00:00,Location_C,Air,PM2.5,47.78
2025-09-29 09:00:00,Location_C,Air,CO2,372.05
2025-09-29 09:00:00,Location_C,Water,pH,7.18
2025-09-29 09:00:00,Location_C,Water,Turbidity,4.6
2025-09-29 10:00:00,Location_A,Air,PM2.5,52.85
2025-09-29 10:00:00,Location_A,Air,CO2,409.83
2025-09-29 10:00:00,Location_A,Water,pH,7.21
2025-09-29 10:00:00,Location_A,Water,Turbidity,6.02
2025-09-29 10:00:00,Location_B,Air,PM2.5,54.81
2025-09-29 10:00:00,Location_B,Air,CO2,399.14
2025-09-29 10:00:00,Location_B,Water,pH,6.36
2025-09-29 10:00:00,Location_B,Water,Turbidity,5.56
2025-09-29 10:00:00,Location_C,Air,PM2.5,34.93
2025-09-29 10:00:00,Location_C,Air,CO2,690.42
2025-09-29 10:00:00,Location_C,Water,pH,7.21
2025-09-29 10:00:00,Location_C,Water,Turbidity,5.04
2025-09-29 11:00:00,Location_A,Air,PM2.5,61.32
2025-09-29 11:00:00,Location_A,Air,CO2,391.64
2025-09-29 11:00:00,Location_A,Water,pH,6.9
2025-09-29 11:00:00,Location_A,Water,Turbidity,11.7
2025-09-29 11:00:00,Location_B,Air,PM2.5,72.81
2025-09-29 11:00:00,Location_B,Air,CO2,438.69
2025-09-29 11:00:00,Location_B,Water,pH,6.42
2025-09-29 11:00:00,Location_B,Water,Turbidity,4.95
2025-09-29 11:00:00,Location_C,Air,PM2.5,30.99
2025-09-29 11:00:00,Location_C,Air,CO2,404.31
2025-09-29 11:00:00,Location_C,Water,pH,7.01
2025-09-29 11:00:00,Location_C,Water,Turbidity,5.43
2025-09-29 12:00:00,Location_A,Air,PM2.5,54.26
2025-09-29 12:00:00,Location_A,Air,CO2,340.83
2025-09-29 12:00:00,Location_A,Water,pH,7.4
2025-09-29 12:00:00,Location_A,Water,Turbidity,5.74
2025-09-29 12:00:00,Location_B,Air,PM2.5,67.1
2025-09-29 12:00:00,Location_B,Air,CO2,388.5
2025-09-29 12:00:00,Location_B,Water,pH,7.5
2025-09-29 12:00:00,Location_B,Water,Turbidity,
2025-09-29 12:00:00,Location_C,Air,PM2.5,83.46
2025-09-29 12:00:00,Location_C,Air,CO2,459.57
2025-09-29 12:00:00,Location_C,Water,pH,6.98
2025-09-29 12:00:00,Location_C,Water,Turbidity,5.58
2025-09-29 13:00:00,Location_A,Air,PM2.5,42.66
2025-09-29 13:00:00,Location_A,Air,CO2,357.51
2025-09-29 13:00:00,Location_A,Water,pH,6.22
2025-09-29 13:00:00,Location_A,Water,Turbidity,5.15
2025-09-29 13:00:00,Location_B,Air,PM2.5,40.77
2025-09-29 13:00:00,Location_B,Air,CO2,
2025-09-29 13:00:00,Location_B,Water,pH,6.98
2025-09-29 13:00:00,Location_B,Water,Turbidity,3.24
2025-09-29 13:00:00,Location_C,Air,PM2.5,47.66
2025-09-29 13:00:00,Location_C,Air,CO2,355.03
2025-09-29 13:00:00,Location_C,Water,pH,6.18
2025-09-29 13:00:00,Location_C,Water,Turbidity,5.15
2025-09-29 14:00:00,Location_A,Air,PM2.5,52.04
2025-09-29 14:00:00,Location_A,Air,CO2,446.47
2025-09-29 14:00:00,Location_A,Water,pH,6.58
2025-09-29 14:00:00,Location_A,Water,Turbidity,3.47
2025-09-29 14:00:00,Location_B,Air,PM2.5,60.63
2025-09-29 14:00:00,Location_B,Air,CO2,666.54
2025-09-29 14:00:00,Location_B,Water,pH,7.21
2025-09-29 14:00:00,Location_B,Water,Turbidity,
2025-09-29 14:00:00,Location_C,Air,PM2.5,51.25
2025-09-29 14:00:00,Location_C,Air,CO2,477.61
2025-09-29 14:00:00,Location_C,Water,pH,6.76
2025-09-29 14:00:00,Location_C,Water,Turbidity,11.95
2025-09-29 15:00:00,Location_A,Air,PM2.5,46.27
2025-09-29 15:00:00,Location_A,Air,CO2,434.08
2025-09-29 15:00:00,Location_A,Water,pH,7.51
2025-09-29 15:00:00,Location_A,Water,Turbidity,3.82
2025-09-29 15:00:00,Location_B,Air,PM2.5,31.4
2025-09-29 15:00:00,Location_B,Air,CO2,347.33
2025-09-29 15:00:00,Location_B,Water,pH,6.44
2025-09-29 15:00:00,Location_B,Water,Turbidity,14.07
2025-09-29 15:00:00,Location_C,Air,PM2.5,
2025-09-29 15:00:00,Location_C,Air,CO2,444.92
2025-09-29 15:00:00,Location_C,Water,pH,7.84
2025-09-29 15:00:00,Location_C,Water,Turbidity,4.91
2025-09-29 16:00:00,Location_A,Air,PM2.5,25.37
2025-09-29 16:00:00,Location_A,Air,CO2,380.91
2025-09-29 16:00:00,Location_A,Water,pH,8.48
2025-09-29 16:00:00,Location_A,Water,Turbidity,4.73
2025-09-29 16:00:00,Location_B,Air,PM2.5,57.92
2025-09-29 16:00:00,Location_B,Air,CO2,365.29
2025-09-29 16:00:00,Location_B,Water,pH,6.96
2025-09-29 16:00:00,Location_B,Water,Turbidity,6.44
2025-09-29 16:00:00,Location_C,Air,PM2.5,48.39
2025-09-29 16:00:00,Location_C,Air,CO2,384.78
2025-09-29 16:00:00,Location_C,Water,pH,7.66
2025-09-29 16:00:00,Location_C,Water,Turbidity,6.9
2025-09-29 17:00:00,Location_A,Air,PM2.5,46.69
2025-09-29 17:00:00,Location_A,Air,CO2,445.62
2025-09-29 17:00:00,Location_A,Water,pH,6.57
2025-09-29 17:00:00,Location_A,Water,Turbidity,4.29
2025-09-29 17:00:00,Location_B,Air,PM2.5,35.3
2025-09-29 17:00:00,Location_B,Air,CO2,376.54
2025-09-29 17:00:00,Location_B,Water,pH,6.82
2025-09-29 17:00:00,Location_B,Water,Turbidity,5.71
2025-09-29 17:00:00,Location_C,Air,PM2.5,113.31
2025-09-29 17:00:00,Location_C,Air,CO2,377.02
2025-09-29 17:00:00,Location_C,Water,pH,7.45
2025-09-29 17:00:00,Location_C,Water,Turbidity,5.65
2025-09-29 18:00:00,Location_A,Air,PM2.5,46.36
2025-09-29 18:00:00,Location_A,Air,CO2,329.03
2025-09-29 18:00:00,Location_A,Water,pH,
2025-09-29 18:00:00,Location_A,Water,Turbidity,5.03
2025-09-29 18:00:00,Location_B,Air,PM2.5,40.52
2025-09-29 18:00:00,Location_B,Air,CO2,379.02
2025-09-29 18:00:00,Location_B,Water,pH,7.01
2025-09-29 18:00:00,Location_B,Water,Turbidity,4.44
2025-09-29 18:00:00,Location_C,Air,PM2.5,59.2
2025-09-29 18:00:00,Location_C,Air,CO2,383.33
2025-09-29 18:00:00,Location_C,Water,pH,6.3
2025-09-29 18:00:00,Location_C,Water,Turbidity,5.39
2025-09-29 19:00:00,Location_A,Air,PM2.5,47.55
2025-09-29 19:00:00,Location_A,Air,CO2,475.35
2025-09-29 19:00:00,Location_A,Water,pH,6.47
2025-09-29 19:00:00,Location_A,Water,Turbidity,3.68
2025-09-29 19:00:00,Location_B,Air,PM2.5,50.51
2025-09-29 19:00:00,Location_B,Air,CO2,452.81
2025-09-29 19:00:00,Location_B,Water,pH,7.28
2025-09-29 19:00:00,Location_B,Water,Turbidity,5.39
2025-09-29 19:00:00,Location_C,Air,PM2.5,57.73
2025-09-29 19:00:00,Location_C,Air,CO2,
2025-09-29 19:00:00,Location_C,Water,pH,
2025-09-29 19:00:00,Location_C,Water,Turbidity,6.23
2025-09-29 20:00:00,Location_A,Air,PM2.5,70.29
2025-09-29 20:00:00,Location_A,Air,CO2,400.35
2025-09-29 20:00:00,Location_A,Water,pH,7.12
2025-09-29 20:00:00,Location_A,Water,Turbidity,5.83
2025-09-29 20:00:00,Location_B,Air,PM2.5,59.83
2025-09-29 20:00:00,Location_B,Air,CO2,372.67
2025-09-29 20:00:00,Location_B,Water,pH,6.8
2025-09-29 20:00:00,Location_B,Water,Turbidity,4.91
2025-09-29 20:00:00,Location_C,Air,PM2.5,40.82
2025-09-29 20:00:00,Location_C,Air,CO2,384.57
2025-09-29 20:00:00,Location_C,Water,pH,6.77
2025-09-29 20:00:00,Location_C,Water,Turbidity,3.18
2025-09-29 21:00:00,Location_A,Air,PM2.5,71.54
2025-09-29 21:00:00,Location_A,Air,CO2,287.8
2025-09-29 21:00:00,Location_A,Water,pH,5.93
2025-09-29 21:00:00,Location_A,Water,Turbidity,4.58
2025-09-29 21:00:00,Location_B,Air,PM2.5,42.08
2025-09-29 21:00:00,Location_B,Air,CO2,355.66
2025-09-29 21:00:00,Location_B,Water,pH,7.73
2025-09-29 21:00:00,Location_B,Water,Turbidity,5.82
2025-09-29 21:00:00,Location_C,Air,PM2.5,46.57
2025-09-29 21:00:00,Location_C,Air,CO2,346.2
2025-09-29 21:00:00,Location_C,Water,pH,7.13
2025-09-29 21:00:00,Location_C,Water,Turbidity,4.79
2025-09-29 22:00:00,Location_A,Air,PM2.5,40.87
2025-09-29 22:00:00,Location_A,Air,CO2,918.27
2025-09-29 22:00:00,Location_A,Water,pH,6.47
2025-09-29 22:00:00,Location_A,Water,Turbidity,5.09
2025-09-29 22:00:00,Location_B,Air,PM2.5,45.92
2025-09-29 22:00:00,Location_B,Air,CO2,445.37
2025-09-29 22:00:00,Location_B,Water,pH,6.66
2025-09-29 22:00:00,Location_B,Water,Turbidity,5.32
2025-09-29 22:00:00,Location_C,Air,PM2.5,128.88
2025-09-29 22:00:00,Location_C,Air,CO2,469.75
2025-09-29 22:00:00,Location_C,Water,pH,7.83
2025-09-29 22:00:00,Location_C,Water,Turbidity,6.68
2025-09-29 23:00:00,Location_A,Air,PM2.5,79.59
2025-09-29 23:00:00,Location_A,Air,CO2,360.5
2025-09-29 23:00:00,Location_A,Water,pH,7.27
2025-09-29 23:00:00,Location_A,Water,Turbidity,5.2
2025-09-29 23:00:00,Location_B,Air,PM2.5,48.03
2025-09-29 23:00:00,Location_B,Air,CO2,347.8
2025-09-29 23:00:00,Location_B,Water,pH,6.6
2025-09-29 23:00:00,Location_B,Water,Turbidity,5.86
2025-09-29 23:00:00,Location_C,Air,PM2.5,52.09
2025-09-29 23:00:00,Location_C,Air,CO2,510.7
2025-09-29 23:00:00,Location_C,Water,pH,7.02
2025-09-29 23:00:00,Location_C,Water,Turbidity,4.76
2025-09-30 00:00:00,Location_A,Air,PM2.5,39.23
2025-09-30 00:00:00,Location_A,Air,CO2,379.97
2025-09-30 00:00:00,Location_A,Water,pH,7.14
2025-09-30 00:00:00,Location_A,Water,Turbidity,5.78
2025-09-30 00:00:00,Location_B,Air,PM2.5,57.65
2025-09-30 00:00:00,Location_B,Air,CO2,470.64
2025-09-30 00:00:00,Location_B,Water,pH,7.39
2025-09-30 00:00:00,Location_B,Water,Turbidity,5.34
2025-09-30 00:00:00,Location_C,Air,PM2.5,65.5
2025-09-30 00:00:00,Location_C,Air,CO2,427.83
2025-09-30 00:00:00,Location_C,Water,pH,7.48
2025-09-30 00:00:00,Location_C,Water,Turbidity,4.24
2025-09-30 01:00:00,Location_A,Air,PM2.5,45.7
2025-09-30 01:00:00,Location_A,Air,CO2,388.34
2025-09-30 01:00:00,Location_A,Water,pH,6.85
2025-09-30 01:00:00,Location_A,Water,Turbidity,6.19
2025-09-30 01:00:00,Location_B,Air,PM2.5,53.19
2025-09-30 01:00:00,Location_B,Air,CO2,358.87
2025-09-30 01:00:00,Location_B,Water,pH,7.31
2025-09-30 01:00:00,Location_B,Water,Turbidity,3.16
2025-09-30 01:00:00,Location_C,Air,PM2.5,
2025-09-30 01:00:00,Location_C,Air,CO2,413.66
2025-09-30 01:00:00,Location_C,Water,pH,7.86
2025-09-30 01:00:00,Location_C,Water,Turbidity,
2025-09-30 02:00:00,Location_A,Air,PM2.5,65.71
2025-09-30 02:00:00,Location_A,Air,CO2,372.96
2025-09-30 02:00:00,Location_A,Water,pH,16.98
2025-09-30 02:00:00,Location_A,Water,Turbidity,4.55
2025-09-30 02:00:00,Location_B,Air,PM2.5,55.85
2025-09-30 02:00:00,Location_B,Air,CO2,478.41
2025-09-30 02:00:00,Location_B,Water,pH,6.48
2025-09-30 02:00:00,Location_B,Water,Turbidity,2.42
2025-09-30 02:00:00,Location_C,Air,PM2.5,37.41
2025-09-30 02:00:00,Location_C,Air,CO2,394.04
2025-09-30 02:00:00,Location_C,Water,pH,7.25
2025-09-30 02:00:00,Location_C,Water,Turbidity,3.73
2025-09-30 03:00:00,Location_A,Air,PM2.5,42.67
2025-09-30 03:00:00,Location_A,Air,CO2,491.76
2025-09-30 03:00:00,Location_A,Water,pH,6.19
2025-09-30 03:00:00,Location_A,Water,Turbidity,6.06
2025-09-30 03:00:00,Location_B,Air,PM2.5,37.3
2025-09-30 03:00:00,Location_B,Air,CO2,
2025-09-30 03:00:00,Location_B,Water,pH,6.39
2025-09-30 03:00:00,Location_B,Water,Turbidity,5.15
2025-09-30 03:00:00,Location_C,Air,PM2.5,55.23
2025-09-30 03:00:00,Location_C,Air,CO2,402.29
2025-09-30 03:00:00,Location_C,Water,pH,6.95
2025-09-30 03:00:00,Location_C,Water,Turbidity,4.75
2025-09-30 04:00:00,Location_A,Air,PM2.5,44.73
2025-09-30 04:00:00,Location_A,Air,CO2,413.36
2025-09-30 04:00:00,Location_A,Water,pH,6.44
2025-09-30 04:00:00,Location_A,Water,Turbidity,
2025-09-30 04:00:00,Location_B,Air,PM2.5,55.58
2025-09-30 04:00:00,Location_B,Air,CO2,410.1
2025-09-30 04:00:00,Location_B,Water,pH,6.56
2025-09-30 04:00:00,Location_B,Water,Turbidity,5.85
2025-09-30 04:00:00,Location_C,Air,PM2.5,58.97
2025-09-30 04:00:00,Location_C,Air,CO2,404.99
2025-09-30 04:00:00,Location_C,Water,pH,6.82
2025-09-30 04:00:00,Location_C,Water,Turbidity,6.04
2025-09-30 05:00:00,Location_A,Air,PM2.5,43.7
2025-09-30 05:00:00,Location_A,Air,CO2,326.9
2025-09-30 05:00:00,Location_A,Water,pH,7.04
2025-09-30 05:00:00,Location_A,Water,Turbidity,6.32
2025-09-30 05:00:00,Location_B,Air,PM2.5,37.34
2025-09-30 05:00:00,Location_B,Air,CO2,561.27
2025-09-30 05:00:00,Location_B,Water,pH,7.3
2025-09-30 05:00:00,Location_B,Water,Turbidity,10.1
2025-09-30 05:00:00,Location_C,Air,PM2.5,53
2025-09-30 05:00:00,Location_C,Air,CO2,394.61
2025-09-30 05:00:00,Location_C,Water,pH,6.56
2025-09-30 05:00:00,Location_C,Water,Turbidity,4.69
2025-09-30 06:00:00,Location_A,Air,PM2.5,49.79
2025-09-30 06:00:00,Location_A,Air,CO2,378.6
2025-09-30 06:00:00,Location_A,Water,pH,17.14
2025-09-30 06:00:00,Location_A,Water,Turbidity,5.49
2025-09-30 06:00:00,Location_B,Air,PM2.5,44.43
2025-09-30 06:00:00,Location_B,Air,CO2,401.23
2025-09-30 06:00:00,Location_B,Water,pH,7.31
2025-09-30 06:00:00,Location_B,Water,Turbidity,5.55
2025-09-30 06:00:00,Location_C,Air,PM2.5,35.55
2025-09-30 06:00:00,Location_C,Air,CO2,904.62
2025-09-30 06:00:00,Location_C,Water,pH,6.87
2025-09-30 06:00:00,Location_C,Water,Turbidity,4.4
2025-09-30 07:00:00,Location_A,Air,PM2.5,53.47
2025-09-30 07:00:00,Location_A,Air,CO2,403.44
2025-09-30 07:00:00,Location_A,Water,pH,7.28
2025-09-30 07:00:00,Location_A,Water,Turbidity,4.33
2025-09-30 07:00:00,Location_B,Air,PM2.5,65.02
2025-09-30 07:00:00,Location_B,Air,CO2,368.72
2025-09-30 07:00:00,Location_B,Water,pH,6.21
2025-09-30 07:00:00,Location_B,Water,Turbidity,3.98
2025-09-30 07:00:00,Location_C,Air,PM2.5,44.39
2025-09-30 07:00:00,Location_C,Air,CO2,436.92
2025-09-30 07:00:00,Location_C,Water,pH,7.86
2025-09-30 07:00:00,Location_C,Water,Turbidity,4.35
2025-09-30 08:00:00,Location_A,Air,PM2.5,58.61
2025-09-30 08:00:00,Location_A,Air,CO2,655.17
2025-09-30 08:00:00,Location_A,Water,pH,6.4
2025-09-30 08:00:00,Location_A,Water,Turbidity,
2025-09-30 08:00:00,Location_B,Air,PM2.5,48.47
2025-09-30 08:00:00,Location_B,Air,CO2,400.74
2025-09-30 08:00:00,Location_B,Water,pH,6.56
2025-09-30 08:00:00,Location_B,Water,Turbidity,4.23
2025-09-30 08:00:00,Location_C,Air,PM2.5,61.61
2025-09-30 08:00:00,Location_C,Air,CO2,316.25
2025-09-30 08:00:00,Location_C,Water,pH,6.42
2025-09-30 08:00:00,Location_C,Water,Turbidity,3.02
2025-09-30 09:00:00,Location_A,Air,PM2.5,38.99
2025-09-30 09:00:00,Location_A,Air,CO2,414.82
2025-09-30 09:00:00,Location_A,Water,pH,19.29
2025-09-30 09:00:00,Location_A,Water,Turbidity,5.57
2025-09-30 09:00:00,Location_B,Air,PM2.5,58.48
2025-09-30 09:00:00,Location_B,Air,CO2,404.53
2025-09-30 09:00:00,Location_B,Water,pH,6.98
2025-09-30 09:00:00,Location_B,Water,Turbidity,5.84
2025-09-30 09:00:00,Location_C,Air,PM2.5,36.95
2025-09-30 09:00:00,Location_C,Air,CO2,378.2
2025-09-30 09:00:00,Location_C,Water,pH,17.59
2025-09-30 09:00:00,Location_C,Water,Turbidity,3.53
2025-09-30 10:00:00,Location_A,Air,PM2.5,54.5
2025-09-30 10:00:00,Location_A,Air,CO2,391.69
2025-09-30 10:00:00,Location_A,Water,pH,11.09
2025-09-30 10:00:00,Location_A,Water,Turbidity,5.48
2025-09-30 10:00:00,Location_B,Air,PM2.5,53.92
2025-09-30 10:00:00,Location_B,Air,CO2,299.89
2025-09-30 10:00:00,Location_B,Water,pH,6.95
2025-09-30 10:00:00,Location_B,Water,Turbidity,13.37
2025-09-30 10:00:00,Location_C,Air,PM2.5,34.59
2025-09-30 10:00:00,Location_C,Air,CO2,392.96
2025-09-30 10:00:00,Location_C,Water,pH,7.15
2025-09-30 10:00:00,Location_C,Water,Turbidity,6.03
2025-09-30 11:00:00,Location_A,Air,PM2.5,49.16
2025-09-30 11:00:00,Location_A,Air,CO2,409.49
2025-09-30 11:00:00,Location_A,Water,pH,7.75
2025-09-30 11:00:00,Location_A,Water,Turbidity,6.05
2025-09-30 11:00:00,Location_B,Air,PM2.5,59.41
2025-09-30 11:00:00,Location_B,Air,CO2,259.42
2025-09-30 11:00:00,Location_B,Water,pH,6.53
2025-09-30 11:00:00,Location_B,Water,Turbidity,4.9
2025-09-30 11:00:00,Location_C,Air,PM2.5,55.36
2025-09-30 11:00:00,Location_C,Air,CO2,394.43
2025-09-30 11:00:00,Location_C,Water,pH,5.73
2025-09-30 11:00:00,Location_C,Water,Turbidity,5.82
2025-09-30 12:00:00,Location_A,Air,PM2.5,35.63
2025-09-30 12:00:00,Location_A,Air,CO2,349.53
2025-09-30 12:00:00,Location_A,Water,pH,7.22
2025-09-30 12:00:00,Location_A,Water,Turbidity,3.67
2025-09-30 12:00:00,Location_B,Air,PM2.5,57.23
2025-09-30 12:00:00,Location_B,Air,CO2,321.89
2025-09-30 12:00:00,Location_B,Water,pH,7.07
2025-09-30 12:00:00,Location_B,Water,Turbidity,4.48
2025-09-30 12:00:00,Location_C,Air,PM2.5,48.47
2025-09-30 12:00:00,Location_C,Air,CO2,375.16
2025-09-30 12:00:00,Location_C,Water,pH,19.65
2025-09-30 12:00:00,Location_C,Water,Turbidity,5.42
2025-09-30 13:00:00,Location_A,Air,PM2.5,61.77
2025-09-30 13:00:00,Location_A,Air,CO2,353.78
2025-09-30 13:00:00,Location_A,Water,pH,6.98
2025-09-30 13:00:00,Location_A,Water,Turbidity,4.83
2025-09-30 13:00:00,Location_B,Air,PM2.5,36.18
2025-09-30 13:00:00,Location_B,Air,CO2,341.65
2025-09-30 13:00:00,Location_B,Water,pH,6.56
2025-09-30 13:00:00,Location_B,Water,Turbidity,3.4
2025-09-30 13:00:00,Location_C,Air,PM2.5,57.34
2025-09-30 13:00:00,Location_C,Air,CO2,403.04
2025-09-30 13:00:00,Location_C,Water,pH,6.53
2025-09-30 13:00:00,Location_C,Water,Turbidity,4.25
2025-09-30 14:00:00,Location_A,Air,PM2.5,70.5
2025-09-30 14:00:00,Location_A,Air,CO2,470.84
2025-09-30 14:00:00,Location_A,Water,pH,6.59
2025-09-30 14:00:00,Location_A,Water,Turbidity,4.74
2025-09-30 14:00:00,Location_B,Air,PM2.5,49.52
2025-09-30 14:00:00,Location_B,Air,CO2,457.49
2025-09-30 14:00:00,Location_B,Water,pH,7.2
2025-09-30 14:00:00,Location_B,Water,Turbidity,6.44
2025-09-30 14:00:00,Location_C,Air,PM2.5,38.71
2025-09-30 14:00:00,Location_C,Air,CO2,429.06
2025-09-30 14:00:00,Location_C,Water,pH,7.05
2025-09-30 14:00:00,Location_C,Water,Turbidity,4.03
2025-09-30 15:00:00,Location_A,Air,PM2.5,42.79
2025-09-30 15:00:00,Location_A,Air,CO2,
2025-09-30 15:00:00,Location_A,Water,pH,6.98
2025-09-30 15:00:00,Location_A,Water,Turbidity,6.26
2025-09-30 15:00:00,Location_B,Air,PM2.5,47.16
2025-09-30 15:00:00,Location_B,Air,CO2,440.62
2025-09-30 15:00:00,Location_B,Water,pH,6.79
2025-09-30 15:00:00,Location_B,Water,Turbidity,5.45
2025-09-30 15:00:00,Location_C,Air,PM2.5,59.25
2025-09-30 15:00:00,Location_C,Air,CO2,429.13
2025-09-30 15:00:00,Location_C,Water,pH,6.42
2025-09-30 15:00:00,Location_C,Water,Turbidity,4.2
2025-09-30 16:00:00,Location_A,Air,PM2.5,60.33
2025-09-30 16:00:00,Location_A,Air,CO2,437.31
2025-09-30 16:00:00,Location_A,Water,pH,7.28
2025-09-30 16:00:00,Location_A,Water,Turbidity,6.45
2025-09-30 16:00:00,Location_B,Air,PM2.5,40.77
2025-09-30 16:00:00,Location_B,Air,CO2,404.49
2025-09-30 16:00:00,Location_B,Water,pH,6.81
2025-09-30 16:00:00,Location_B,Water,Turbidity,3.94
2025-09-30 16:00:00,Location_C,Air,PM2.5,50.25
2025-09-30 16:00:00,Location_C,Air,CO2,428.55
2025-09-30 16:00:00,Location_C,Water,pH,6.83
2025-09-30 16:00:00,Location_C,Water,Turbidity,3.12
2025-09-30 17:00:00,Location_A,Air,PM2.5,19.5
2025-09-30 17:00:00,Location_A,Air,CO2,
2025-09-30 17:00:00,Location_A,Water,pH,7.24
2025-09-30 17:00:00,Location_A,Water,Turbidity,4.11
2025-09-30 17:00:00,Location_B,Air,PM2.5,53.23
2025-09-30 17:00:00,Location_B,Air,CO2,467.17
2025-09-30 17:00:00,Location_B,Water,pH,
2025-09-30 17:00:00,Location_B,Water,Turbidity,6.02
2025-09-30 17:00:00,Location_C,Air,PM2.5,52.71
2025-09-30 17:00:00,Location_C,Air,CO2,379.73
2025-09-30 17:00:00,Location_C,Water,pH,7.25
2025-09-30 17:00:00,Location_C,Water,Turbidity,5.83
2025-09-30 18:00:00,Location_A,Air,PM2.5,45.7
2025-09-30 18:00:00,Location_A,Air,CO2,437.3
2025-09-30 18:00:00,Location_A,Water,pH,7.51
2025-09-30 18:00:00,Location_A,Water,Turbidity,5.23
2025-09-30 18:00:00,Location_B,Air,PM2.5,73.35
2025-09-30 18:00:00,Location_B,Air,CO2,377.96
2025-09-30 18:00:00,Location_B,Water,pH,6.44
2025-09-30 18:00:00,Location_B,Water,Turbidity,4.23
2025-09-30 18:00:00,Location_C,Air,PM2.5,55.78
2025-09-30 18:00:00,Location_C,Air,CO2,422.31
2025-09-30 18:00:00,Location_C,Water,pH,6.73
2025-09-30 18:00:00,Location_C,Water,Turbidity,4.65
2025-09-30 19:00:00,Location_A,Air,PM2.5,39.56
2025-09-30 19:00:00,Location_A,Air,CO2,443.25
2025-09-30 19:00:00,Location_A,Water,pH,7.22
2025-09-30 19:00:00,Location_A,Water,Turbidity,3.43
2025-09-30 19:00:00,Location_B,Air,PM2.5,56.1
2025-09-30 19:00:00,Location_B,Air,CO2,367.3
2025-09-30 19:00:00,Location_B,Water,pH,7.19
2025-09-30 19:00:00,Location_B,Water,Turbidity,7.64
2025-09-30 19:00:00,Location_C,Air,PM2.5,55.7
2025-09-30 19:00:00,Location_C,Air,CO2,506.22
2025-09-30 19:00:00,Location_C,Water,pH,7.28
2025-09-30 19:00:00,Location_C,Water,Turbidity,3.85
2025-09-30 20:00:00,Location_A,Air,PM2.5,65.86
2025-09-30 20:00:00,Location_A,Air,CO2,387.28
2025-09-30 20:00:00,Location_A,Water,pH,6.23
2025-09-30 20:00:00,Location_A,Water,Turbidity,4.77
2025-09-30 20:00:00,Location_B,Air,PM2.5,54.81
2025-09-30 20:00:00,Location_B,Air,CO2,335.04
2025-09-30 20:00:00,Location_B,Water,pH,
2025-09-30 20:00:00,Location_B,Water,Turbidity,16.11
2025-09-30 20:00:00,Location_C,Air,PM2.5,54.01
2025-09-30 20:00:00,Location_C,Air,CO2,462.53
2025-09-30 20:00:00,Location_C,Water,pH,6.72
2025-09-30 20:00:00,Location_C,Water,Turbidity,4.32
2025-09-30 21:00:00,Location_A,Air,PM2.5,
2025-09-30 21:00:00,Location_A,Air,CO2,416.84
2025-09-30 21:00:00,Location_A,Water,pH,7.07
2025-09-30 21:00:00,Location_A,Water,Turbidity,3.96
2025-09-30 21:00:00,Location_B,Air,PM2.5,42.26
2025-09-30 21:00:00,Location_B,Air,CO2,405.03
2025-09-30 21:00:00,Location_B,Water,pH,7.22
2025-09-30 21:00:00,Location_B,Water,Turbidity,
2025-09-30 21:00:00,Location_C,Air,PM2.5,48.98
2025-09-30 21:00:00,Location_C,Air,CO2,417.92
2025-09-30 21:00:00,Location_C,Water,pH,6.1
2025-09-30 21:00:00,Location_C,Water,Turbidity,7
2025-09-30 22:00:00,Location_A,Air,PM2.5,50.27
2025-09-30 22:00:00,Location_A,Air,CO2,359.73
2025-09-30 22:00:00,Location_A,Water,pH,6.81
2025-09-30 22:00:00,Location_A,Water,Turbidity,4.39
2025-09-30 22:00:00,Location_B,Air,PM2.5,53.79
2025-09-30 22:00:00,Location_B,Air,CO2,367.15
2025-09-30 22:00:00,Location_B,Water,pH,7.2
2025-09-30 22:00:00,Location_B,Water,Turbidity,3.33
2025-09-30 22:00:00,Location_C,Air,PM2.5,46.9
2025-09-30 22:00:00,Location_C,Air,CO2,429.86
2025-09-30 22:00:00,Location_C,Water,pH,6.55
2025-09-30 22:00:00,Location_C,Water,Turbidity,4.44
2025-09-30 23:00:00,Location_A,Air,PM2.5,52.21
2025-09-30 23:00:00,Location_A,Air,CO2,373.58
2025-09-30 23:00:00,Location_A,Water,pH,7.17
2025-09-30 23:00:00,Location_A,Water,Turbidity,7.2
2025-09-30 23:00:00,Location_B,Air,PM2.5,52.65
2025-09-30 23:00:00,Location_B,Air,CO2,478.65
2025-09-30 23:00:00,Location_B,Water,pH,7.39
2025-09-30 23:00:00,Location_B,Water,Turbidity,
2025-09-30 23:00:00,Location_C,Air,PM2.5,41.23
2025-09-30 23:00:00,Location_C,Air,CO2,383.66
2025-09-30 23:00:00,Location_C,Water,pH,7.98
2025-09-30 23:00:00,Location_C,Water,Turbidity,5.03
